"Código SIGEP","Nombre de la entidad","Orden","Clasificación Orgánica","Nivel","Sector","Tipo de Vinculacíón ","Naturaleza jurídica ","Año","Fuente ","Cantidad de cargos en Planta Permanente","Cantidad de cargos de Planta-Regimen General: Planta Temporal","Cantidad de cargos en Planta Transitoria","Cantidad de cargos de Planta-Trabajadores Oficiales","Cantidad de cargos en Planta Privada ","Cantidad de cargos de Planta-Docentes: ESAP, Institutos Tecnológicos","Cantidad total de cargos en Planta ","Libre Nombramiento y Remoción","Carrera administrativa","Periodo Fijo ","Temporal","Carrera Diplomatica","Docentes","Trabajadores Ofciales ","Planta Privada","Instructores","Elección Popular","Longitud","Latitud"
"0002","MINISTERIO DE RELACIONES EXTERIORES","NACIONAL","RAMA EJECUTIVA","CENTRAL","RELACIONES EXTERIORES","CABEZA","MINISTERIO","2025","Fuente: Función Pública, Planta, junio 2025","1739","0","0","0","0","0","1739","619","259","0","0","861","0","0","0","0","0","-74.072092","4.710989"
"0004","MINISTERIO DE HACIENDA Y CREDITO PUBLICO","NACIONAL","RAMA EJECUTIVA","CENTRAL","HACIENDA Y CRÉDITO PÚBLICO","CABEZA","MINISTERIO","2025","Fuente: Función Pública, Planta, junio 2025","780","35","0","0","0","0","815","289","491","0","35","0","0","0","0","0","0","-74.072092","4.710989"
"0005","MINISTERIO DE DEFENSA NACIONAL","NACIONAL","RAMA EJECUTIVA","CENTRAL","DEFENSA","CABEZA","MINISTERIO","2025","Fuente: Función Pública, Planta, junio 2025","690","0","0","0","0","0","690","151","539","0","0","0","0","0","0","0","0","-74.072092","4.710989"
"0006","MINISTERIO DE AGRICULTURA Y DESARROLLO RURAL","NACIONAL","RAMA EJECUTIVA","CENTRAL","AGROPECUARIO PESQUERO Y DE DESARROLLO RURAL","CABEZA","MINISTERIO","2025","Fuente: Función Pública, Planta, junio 2025","295","0","0","0","0","0","295","48","247","0","0","0","0","0","0","0","0","-74.072092","4.710989"
"0009","MINISTERIO DE MINAS Y ENERGIA","NACIONAL","RAMA EJECUTIVA","CENTRAL","MINAS Y ENERGIA","CABEZA","MINISTERIO","2025","Fuente: Función Pública, Planta, junio 2025","304","16","1","0","0","0","321","64","241","0","16","0","0","0","0","0","0","-74.072092","4.710989"
"0011","MINISTERIO DE EDUCACION NACIONAL","NACIONAL","RAMA EJECUTIVA","CENTRAL","EDUCACIÓN","CABEZA","MINISTERIO","2025","Fuente: Función Pública, Planta, junio 2025","780","100","0","0","0","331490","332370","94","686","0","100","0","331490","0","0","0","0","-74.072092","4.710989"
"0012","MINISTERIO DE TECNOLOGIAS DE LA INFORMACION Y LAS COMUNICACIONES","NACIONAL","RAMA EJECUTIVA","CENTRAL","TECNOLOGÍAS DE LA INFORMACION Y LAS COMUNICACIONES","CABEZA","MINISTERIO","2025","Fuente: Función Pública, Planta, junio 2025","656","0","1","0","0","0","657","125","532","0","0","0","0","0","0","0","0","-74.072092","4.710989"
"0013","MINISTERIO DE TRANSPORTE","NACIONAL","RAMA EJECUTIVA","CENTRAL","TRANSPORTE","CABEZA","MINISTERIO","2025","Fuente: Función Pública, Planta, junio 2025","745","0","0","0","0","0","745","95","650","0","0","0","0","0","0","0","0","-74.072092","4.710989"
"0016","MINISTERIO DE LAS CULTURAS, LAS ARTES Y LOS SABERES","NACIONAL","RAMA EJECUTIVA","CENTRAL","CULTURA","CABEZA","MINISTERIO","2025","Fuente: Función Pública, Planta, junio 2025","633","0","2","0","0","0","635","130","505","0","0","0","0","0","0","0","0","-74.072092","4.710989"
"0018","DEPARTAMENTO ADMINISTRATIVO DE LA PRESIDENCIA DE LA REPUBLICA","NACIONAL","RAMA EJECUTIVA","CENTRAL","PRESIDENCIA DE LA REPÚBLICA","CABEZA","DEPARTAMENTO ADMINISTRATIVO","2025","Fuente: Función Pública, Planta, junio 2025","868","0","149","0","0","0","1017","762","104","0","149","0","0","0","0","0","2","-74.072092","4.710989"
"0020","DEPARTAMENTO ADMINISTRATIVO NACIONAL DE ESTADISTICA","NACIONAL","RAMA EJECUTIVA","CENTRAL","INFORMACIÓN ESTADÍSTICA","CABEZA","DEPARTAMENTO ADMINISTRATIVO","2025","Fuente: Función Pública, Planta, junio 2025","1362","0","0","0","0","0","1362","82","1280","0","0","0","0","0","0","0","0","-74.072092","4.710989"
"0021","DEPARTAMENTO NACIONAL DE PLANEACION","NACIONAL","RAMA EJECUTIVA","CENTRAL","PLANEACIÓN","CABEZA","DEPARTAMENTO ADMINISTRATIVO","2025","Fuente: Función Pública, Planta, junio 2025","504","367","0","0","0","0","871","197","307","0","367","0","0","0","0","0","0","-74.072092","4.710989"
"0022","DEPARTAMENTO ADMINISTRATIVO DE LA FUNCION PUBLICA","NACIONAL","RAMA EJECUTIVA","CENTRAL","FUNCIÓN PÚBLICA","CABEZA","DEPARTAMENTO ADMINISTRATIVO","2025","Fuente: Función Pública, Planta, junio 2025","243","76","0","0","0","0","319","39","204","0","76","0","0","0","0","0","0","-74.072092","4.710989"
"0027","SUPERINTENDENCIA DE NOTARIADO Y REGISTRO","NACIONAL","RAMA EJECUTIVA","DESCENTRALIZADO","JUSTICIA Y DEL DERECHO","ADSCRITAS","SUPERINTENDENCIA CON PERSONERÍA JURÍDICA","2025","Fuente: Función Pública, Planta, junio 2025","2365","46","97","0","0","0","2508","39","2326","0","143","0","0","0","0","0","0","-74.072092","4.710989"
"0028","SUPERINTENDENCIA DEL SUBSIDIO FAMILIAR","NACIONAL","RAMA EJECUTIVA","DESCENTRALIZADO","TRABAJO","ADSCRITAS","SUPERINTENDENCIA CON PERSONERÍA JURÍDICA","2025","Fuente: Función Pública, Planta, junio 2025","149","0","0","0","0","0","149","24","125","0","0","0","0","0","0","0","0","-74.072092","4.710989"
"0029","SUPERINTENDENCIA NACIONAL DE SALUD","NACIONAL","RAMA EJECUTIVA","DESCENTRALIZADO","SALUD Y PROTECCIÓN SOCIAL","ADSCRITAS","SUPERINTENDENCIA CON PERSONERÍA JURÍDICA","2025","Fuente: Función Pública, Planta, junio 2025","1285","0","0","0","0","0","1285","88","1197","0","0","0","0","0","0","0","0","-74.072092","4.710989"
"0030","SUPERINTENDENCIA DE SOCIEDADES","NACIONAL","RAMA EJECUTIVA","DESCENTRALIZADO","COMERCIO INDUSTRIA Y TURISMO","ADSCRITAS","SUPERINTENDENCIA CON PERSONERÍA JURÍDICA","2025","Fuente: Función Pública, Planta, junio 2025","747","0","0","0","0","0","747","75","672","0","0","0","0","0","0","0","0","-74.072092","4.710989"
"0031","SUPERINTENDENCIA DE INDUSTRIA Y COMERCIO","NACIONAL","RAMA EJECUTIVA","DESCENTRALIZADO","COMERCIO INDUSTRIA Y TURISMO","ADSCRITAS","SUPERINTENDENCIA CON PERSONERÍA JURÍDICA","2025","Fuente: Función Pública, Planta, junio 2025","627","0","0","0","0","0","627","46","581","0","0","0","0","0","0","0","0","-74.072092","4.710989"
"0032","UNIDAD ADMINISTRATIVA ESPECIAL DE ORGANIZACIONES SOLIDARIAS","NACIONAL","RAMA EJECUTIVA","DESCENTRALIZADO","TRABAJO","ADSCRITAS","UNIDAD ADMINISTRATIVA ESPECIAL CON PERSONERÍA JURÍDICA","2025","Fuente: Función Pública, Planta, junio 2025","64","0","0","0","0","0","64","11","53","0","0","0","0","0","0","0","0","-74.072092","4.710989"
"0033","SUPERINTENDENCIA DE SERVICIOS PUBLICOS DOMICILIARIOS","NACIONAL","RAMA EJECUTIVA","DESCENTRALIZADO","PLANEACIÓN","ADSCRITAS","SUPERINTENDENCIA CON PERSONERÍA JURÍDICA","2025","Fuente: Función Pública, Planta, junio 2025","994","0","0","0","0","0","994","82","912","0","0","0","0","0","0","0","0","-74.072092","4.710989"
"0034","SUPERINTENDENCIA DE TRANSPORTE","NACIONAL","RAMA EJECUTIVA","DESCENTRALIZADO","TRANSPORTE","ADSCRITAS","SUPERINTENDENCIA CON PERSONERÍA JURÍDICA","2025","Fuente: Función Pública, Planta, junio 2025","296","0","0","0","0","0","296","36","260","0","0","0","0","0","0","0","0","-74.072092","4.710989"
"0234","INSTITUTO NACIONAL DE VIGILANCIA DE MEDICAMENTOS Y ALIMENTOS","NACIONAL","RAMA EJECUTIVA","DESCENTRALIZADO","SALUD Y PROTECCIÓN SOCIAL","ADSCRITAS","ESTABLECIMIENTO PÚBLICO","2025","Fuente: Función Pública, Planta, junio 2025","1520","0","0","0","0","0","1520","39","1481","0","0","0","0","0","0","0","0","-74.072092","4.710989"
"0235","COMISION DE REGULACION DE COMUNICACIONES","NACIONAL","RAMA EJECUTIVA","DESCENTRALIZADO","TECNOLOGÍAS DE LA INFORMACION Y LAS COMUNICACIONES","ADSCRITAS","UNIDAD ADMINISTRATIVA ESPECIAL SIN PERSONERÍA JURÍDICA","2025","Fuente: Función Pública, Planta, junio 2025","150","0","0","0","0","0","150","58","85","7","0","0","0","0","0","0","0","-74.072092","4.710989"
"0236","COMISION DE REGULACION DE AGUA POTABLE Y SANEAMIENTO BASICO","NACIONAL","RAMA EJECUTIVA","CENTRAL","VIVIENDA CIUDAD Y TERRITORIO","ADSCRITAS","UNIDAD ADMINISTRATIVA ESPECIAL SIN PERSONERÍA JURÍDICA","2025","Fuente: Función Pública, Planta, junio 2025","84","0","0","0","0","0","84","18","66","0","0","0","0","0","0","0","0","-74.072092","4.710989"
"0253","CAJA DE RETIRO DE LAS FUERZAS MILITARES","NACIONAL","RAMA EJECUTIVA","DESCENTRALIZADO","DEFENSA","ADSCRITAS","ESTABLECIMIENTO PÚBLICO","2025","Fuente: Función Pública, Planta, junio 2025","146","0","1","0","0","0","147","10","137","0","0","0","0","0","0","0","0","-74.072092","4.710989"
"0254","CAJA DE SUELDOS DE RETIRO DE LA POLICIA NACIONAL","NACIONAL","RAMA EJECUTIVA","DESCENTRALIZADO","DEFENSA","ADSCRITAS","ESTABLECIMIENTO PÚBLICO","2025","Fuente: Función Pública, Planta, junio 2025","164","0","0","0","0","0","164","14","150","0","0","0","0","0","0","0","0","-74.072092","4.710989"
"0261","CORPORACION AUTONOMA REGIONAL DE CUNDINAMARCA","NACIONAL","ORGANOS AUTÓNOMOS","NO APLICA","AMBIENTE Y DESARROLLO SOSTENIBLE","NO APLICA","ORGANOS AUTÓNOMOS","2025","Fuente: Función Pública, Planta, junio 2025","704","0","0","0","0","0","704","71","633","0","0","0","0","0","0","0","0","-74.072092","4.710989"
"0262","CORPORACION AUTONOMA REGIONAL DEL VALLE DEL CAUCA","NACIONAL","ORGANOS AUTÓNOMOS","NO APLICA","AMBIENTE Y DESARROLLO SOSTENIBLE","NO APLICA","ORGANOS AUTÓNOMOS","2025","Fuente: Función Pública, Planta, junio 2025","704","0","0","0","0","0","704","26","678","0","0","0","0","0","0","0","0","-76.531985","3.451647"
"0263","CORPORACION AUTONOMA REGIONAL DEL QUINDIO","NACIONAL","ORGANOS AUTÓNOMOS","NO APLICA","AMBIENTE Y DESARROLLO SOSTENIBLE","NO APLICA","ORGANOS AUTÓNOMOS","2025","Fuente: Función Pública, Planta, junio 2025","113","0","0","0","0","0","113","11","101","1","0","0","0","0","0","0","0","-75.675689","4.535"
"0264","CORPORACION AUTONOMA REGIONAL PARA EL DESARROLLO SOSTENIBLE DEL CHOCO","NACIONAL","ORGANOS AUTÓNOMOS","NO APLICA","AMBIENTE Y DESARROLLO SOSTENIBLE","NO APLICA","ORGANOS AUTÓNOMOS","2025","Fuente: Función Pública, Planta, junio 2025","90","0","0","0","0","0","90","6","83","1","0","0","0","0","0","0","0","-76.649812","5.695633"
"0265","CORPORACION PARA EL DESARROLLO SOSTENIBLE DEL URABA","NACIONAL","ORGANOS AUTÓNOMOS","NO APLICA","AMBIENTE Y DESARROLLO SOSTENIBLE","NO APLICA","ORGANOS AUTÓNOMOS","2025","Fuente: Función Pública, Planta, junio 2025","77","40","0","0","0","0","117","6","70","1","40","0","0","0","0","0","0","-76.624692","7.882761"
"0266","CORPORACION AUTONOMA REGIONAL DE CALDAS","NACIONAL","ORGANOS AUTÓNOMOS","NO APLICA","AMBIENTE Y DESARROLLO SOSTENIBLE","NO APLICA","ORGANOS AUTÓNOMOS","2025","Fuente: Función Pública, Planta, junio 2025","248","0","0","0","0","0","248","14","233","1","0","0","0","0","0","0","0","-75.513817","5.070275"
"0267","CORPORACION AUTONOMA REGIONAL DE LOS VALLES DEL SINU Y DEL SAN JORGE","NACIONAL","ORGANOS AUTÓNOMOS","NO APLICA","AMBIENTE Y DESARROLLO SOSTENIBLE","NO APLICA","ORGANOS AUTÓNOMOS","2025","Fuente: Función Pública, Planta, junio 2025","77","0","0","0","0","0","77","7","69","1","0","0","0","0","0","0","0","-75.878535","8.750983"
"0268","CORPORACION AUTONOMA REGIONAL DEL TOLIMA","NACIONAL","ORGANOS AUTÓNOMOS","NO APLICA","AMBIENTE Y DESARROLLO SOSTENIBLE","NO APLICA","ORGANOS AUTÓNOMOS","2025","Fuente: Función Pública, Planta, junio 2025","247","0","0","0","0","0","247","48","199","0","0","0","0","0","0","0","0","-75.242438","4.444676"
"0269","CORPORACION AUTONOMA REGIONAL DE RISARALDA","NACIONAL","ORGANOS AUTÓNOMOS","NO APLICA","AMBIENTE Y DESARROLLO SOSTENIBLE","NO APLICA","ORGANOS AUTÓNOMOS","2025","Fuente: Función Pública, Planta, junio 2025","136","0","0","0","0","0","136","13","123","0","0","0","0","0","0","0","0","-75.690601","4.808717"
"0270","CORPORACION AUTONOMA REGIONAL DEL MAGDALENA","NACIONAL","ORGANOS AUTÓNOMOS","NO APLICA","AMBIENTE Y DESARROLLO SOSTENIBLE","NO APLICA","ORGANOS AUTÓNOMOS","2025","Fuente: Función Pública, Planta, junio 2025","135","0","0","0","0","0","135","22","112","1","0","0","0","0","0","0","0","-74.211023","11.240355"
"0271","CORPORACION AUTONOMA REGIONAL PARA LA DEFENSA DE LA MESETA DE BUCARAMANGA","NACIONAL","ORGANOS AUTÓNOMOS","NO APLICA","AMBIENTE Y DESARROLLO SOSTENIBLE","NO APLICA","ORGANOS AUTÓNOMOS","2025","Fuente: Función Pública, Planta, junio 2025","146","0","0","0","0","0","146","30","115","1","0","0","0","0","0","0","0","-73.122742","7.119349"
"0273","DEFENSA CIVIL COLOMBIANA","NACIONAL","RAMA EJECUTIVA","DESCENTRALIZADO","DEFENSA","ADSCRITAS","ESTABLECIMIENTO PÚBLICO","2025","Fuente: Función Pública, Planta, junio 2025","283","0","0","0","0","0","283","152","131","0","0","0","0","0","0","0","0","-74.072092","4.710989"
"0276","ESCUELA SUPERIOR DE ADMINISTRACION PUBLICA","NACIONAL","RAMA EJECUTIVA","DESCENTRALIZADO","FUNCIÓN PÚBLICA","ADSCRITAS","ESTABLECIMIENTO PÚBLICO","2025","Fuente: Función Pública, Planta, junio 2025","694","0","0","0","0","171","865","46","648","0","0","0","171","0","0","0","0","-74.072092","4.710989"
"0280","FONDO ROTATORIO DE LA POLICIA NACIONAL","NACIONAL","RAMA EJECUTIVA","DESCENTRALIZADO","DEFENSA","ADSCRITAS","ESTABLECIMIENTO PÚBLICO","2025","Fuente: Función Pública, Planta, junio 2025","210","0","0","0","0","0","210","6","204","0","0","0","0","0","0","0","0","-74.072092","4.710989"
"0281","FONDO NACIONAL DE AHORRO","NACIONAL","RAMA EJECUTIVA","DESCENTRALIZADO","HACIENDA Y CRÉDITO PÚBLICO","VINCULADAS","SOCIEDAD DE ECONOMÍA MIXTA","2025","Fuente: Función Pública, Planta, junio 2025","12","0","0","1237","0","0","1249","12","0","0","0","0","0","1237","0","0","0","-74.072092","4.710989"
"0284","EMPRESA NACIONAL PROMOTORA DEL DESARROLLO TERRITORIAL","NACIONAL","RAMA EJECUTIVA","DESCENTRALIZADO","HACIENDA Y CRÉDITO PÚBLICO","VINCULADAS","SOCIEDAD DE ECONOMÍA MIXTA","2025","Fuente: Función Pública, Planta, junio 2025","9","0","0","63","0","0","72","9","0","0","0","0","0","63","0","0","0","-74.072092","4.710989"
"0289","SANATORIO DE AGUA DE DIOS, EMPRESA SOCIAL DEL ESTADO","NACIONAL","RAMA EJECUTIVA","DESCENTRALIZADO","SALUD Y PROTECCIÓN SOCIAL","ADSCRITAS","EMPRESAS SOCIALES DEL ESTADO","2025","Fuente: Función Pública, Planta, junio 2025","146","0","0","169","0","0","315","2","143","1","0","0","0","169","0","0","0","-74.6698","4.376688"
"0290","SANATORIO DE CONTRATACION, EMPRESA SOCIAL DEL ESTADO","NACIONAL","RAMA EJECUTIVA","DESCENTRALIZADO","SALUD Y PROTECCIÓN SOCIAL","ADSCRITAS","EMPRESAS SOCIALES DEL ESTADO","2025","Fuente: Función Pública, Planta, junio 2025","80","0","0","37","0","0","117","2","77","1","0","0","0","37","0","0","0","-73.474229","6.290943"
"0291","INSTITUTO GEOGRAFICO AGUSTIN CODAZZI","NACIONAL","RAMA EJECUTIVA","DESCENTRALIZADO","INFORMACIÓN ESTADÍSTICA","ADSCRITAS","ESTABLECIMIENTO PÚBLICO","2025","Fuente: Función Pública, Planta, junio 2025","1125","0","0","0","0","0","1125","53","1072","0","0","0","0","0","0","0","0","-74.072092","4.710989"
"0292","INSTITUTO COLOMBIANO AGROPECUARIO","NACIONAL","RAMA EJECUTIVA","DESCENTRALIZADO","AGROPECUARIO PESQUERO Y DE DESARROLLO RURAL","ADSCRITAS","ESTABLECIMIENTO PÚBLICO","2025","Fuente: Función Pública, Planta, junio 2025","2117","0","18","0","0","0","2135","61","2056","0","18","0","0","0","0","0","0","-74.072092","4.710989"
"0296","INSTITUTO COLOMBIANO DE BIENESTAR FAMILIAR","NACIONAL","RAMA EJECUTIVA","DESCENTRALIZADO","IGUALDAD Y EQUIDAD","ADSCRITAS","ESTABLECIMIENTO PÚBLICO","2025","Fuente: Función Pública, Planta, junio 2025","8856","0","0","0","0","0","8856","97","8759","0","0","0","0","0","0","0","0","-74.072092","4.710989"
"0297","INSTITUTO NACIONAL DE CANCEROLOGIA, EMPRESA SOCIAL DEL ESTADO","NACIONAL","RAMA EJECUTIVA","DESCENTRALIZADO","SALUD Y PROTECCIÓN SOCIAL","ADSCRITAS","ESPECIAL","2025","Fuente: Función Pública, Planta, junio 2025","769","0","0","16","0","0","785","12","756","1","0","0","0","16","0","0","0","-74.072092","4.710989"
"0299","INSTITUTO NACIONAL DE SALUD","NACIONAL","RAMA EJECUTIVA","DESCENTRALIZADO","SALUD Y PROTECCIÓN SOCIAL","ADSCRITAS","INSTITUTO CIENTÍFICO Y TECNOLOGICO","2025","Fuente: Función Pública, Planta, junio 2025","477","0","0","0","0","0","477","25","452","0","0","0","0","0","0","0","0","-74.072092","4.710989"
"0305","INSTITUTO CARO Y CUERVO","NACIONAL","RAMA EJECUTIVA","DESCENTRALIZADO","CULTURA","ADSCRITAS","ESTABLECIMIENTO PÚBLICO","2025","Fuente: Función Pública, Planta, junio 2025","99","0","0","0","0","0","99","8","91","0","0","0","0","0","0","0","0","-74.072092","4.710989"
"0312","INSTITUTO COLOMBIANO PARA LA EVALUACION DE LA EDUCACION","NACIONAL","RAMA EJECUTIVA","DESCENTRALIZADO","EDUCACIÓN","VINCULADAS","ESPECIAL","2025","Fuente: Función Pública, Planta, junio 2025","121","0","20","0","0","0","141","25","116","0","0","0","0","0","0","0","0","-74.072092","4.710989"
"0313","INSTITUTO NACIONAL PARA CIEGOS","NACIONAL","RAMA EJECUTIVA","DESCENTRALIZADO","IGUALDAD Y EQUIDAD","ADSCRITAS","ESTABLECIMIENTO PÚBLICO","2025","Fuente: Función Pública, Planta, junio 2025","72","0","0","0","0","0","72","8","64","0","0","0","0","0","0","0","0","-74.072092","4.710989"
"0314","INSTITUTO NACIONAL PARA SORDOS","NACIONAL","RAMA EJECUTIVA","DESCENTRALIZADO","IGUALDAD Y EQUIDAD","ADSCRITAS","ESTABLECIMIENTO PÚBLICO","2025","Fuente: Función Pública, Planta, junio 2025","72","0","0","0","0","0","72","11","61","0","0","0","0","0","0","0","0","-74.072092","4.710989"
"0347","SERVICIO NACIONAL DE APRENDIZAJE","NACIONAL","RAMA EJECUTIVA","DESCENTRALIZADO","TRABAJO","NO APLICA","ESTABLECIMIENTO PÚBLICO","2025","Fuente: Función Pública, Planta, junio 2025","3994","800","4","680","0","6379","11857","194","3804","0","800","0","0","680","0","6379","0","-74.072092","4.710989"
"0354","UNIVERSIDAD DE CALDAS","NACIONAL","ORGANOS AUTÓNOMOS","NO APLICA","EDUCACIÓN","NO APLICA","ENTE UNIVERSITARIO AUTÓNOMO","2025","Fuente: Función Pública, Planta, junio 2025","328","0","0","13","0","417","758","66","261","1","0","0","417","13","0","0","0","-75.513817","5.070275"
"0355","UNIVERSIDAD DEL CAUCA","NACIONAL","ORGANOS AUTÓNOMOS","NO APLICA","EDUCACIÓN","NO APLICA","ENTE UNIVERSITARIO AUTÓNOMO","2025","Fuente: Función Pública, Planta, junio 2025","557","0","0","70","0","1328","1955","20","537","0","0","0","1328","70","0","0","0","-76.614739","2.444814"
"0356","UNIVERSIDAD NACIONAL DE COLOMBIA","NACIONAL","ORGANOS AUTÓNOMOS","NO APLICA","EDUCACIÓN","NO APLICA","ENTE UNIVERSITARIO AUTÓNOMO","2025","Fuente: Función Pública, Planta, junio 2025","2957","0","0","77","0","3346","6380","462","2473","22","0","0","3346","77","0","0","0","-74.072092","4.710989"
"0357","UNIVERSIDAD DE CORDOBA","NACIONAL","ORGANOS AUTÓNOMOS","NO APLICA","EDUCACIÓN","NO APLICA","ENTE UNIVERSITARIO AUTÓNOMO","2025","Fuente: Función Pública, Planta, junio 2025","446","0","0","44","0","1094","1584","1","445","0","0","0","1094","44","0","0","0","-75.878535","8.750983"
"0358","UNIVERSIDAD PEDAGOGICA NACIONAL","NACIONAL","ORGANOS AUTÓNOMOS","NO APLICA","EDUCACIÓN","NO APLICA","ENTE UNIVERSITARIO AUTÓNOMO","2025","Fuente: Función Pública, Planta, junio 2025","326","0","0","107","0","336","769","38","288","0","0","0","336","107","0","0","0","-74.072092","4.710989"
"0359","UNIVERSIDAD PEDAGOGICA Y TECNOLOGICA DE COLOMBIA","NACIONAL","ORGANOS AUTÓNOMOS","NO APLICA","EDUCACIÓN","NO APLICA","ENTE UNIVERSITARIO AUTÓNOMO","2025","Fuente: Función Pública, Planta, junio 2025","928","0","0","274","0","661","1863","59","868","1","0","0","661","274","0","0","0","-73.357557","5.544642"
"0360","UNIVERSIDAD DE LOS LLANOS","NACIONAL","ORGANOS AUTÓNOMOS","NO APLICA","EDUCACIÓN","NO APLICA","ENTE UNIVERSITARIO AUTÓNOMO","2025","Fuente: Función Pública, Planta, junio 2025","128","0","0","46","0","810","984","27","100","1","0","0","810","46","0","0","0","-73.63769","4.151382"
"0361","UNIVERSIDAD SURCOLOMBIANA","NACIONAL","ORGANOS AUTÓNOMOS","NO APLICA","EDUCACIÓN","NO APLICA","ENTE UNIVERSITARIO AUTÓNOMO","2025","Fuente: Función Pública, Planta, junio 2025","328","0","0","13","0","417","758","36","291","1","0","0","417","13","0","0","0","-75.2809","2.934484"
"0362","UNIVERSIDAD TECNOLOGICA DEL CHOCO DIEGO LUIS CORDOBA","NACIONAL","ORGANOS AUTÓNOMOS","NO APLICA","EDUCACIÓN","NO APLICA","ENTE UNIVERSITARIO AUTÓNOMO","2025","Fuente: Función Pública, Planta, junio 2025","266","0","0","0","0","1019","1285","1","265","0","0","0","1019","0","0","0","0","-76.649812","5.695633"
"0363","UNIVERSIDAD POPULAR DEL CESAR","NACIONAL","ORGANOS AUTÓNOMOS","NO APLICA","EDUCACIÓN","NO APLICA","ENTE UNIVERSITARIO AUTÓNOMO","2025","Fuente: Función Pública, Planta, junio 2025","285","0","0","3","0","177","465","47","237","1","0","0","177","3","0","0","0","-73.243633","10.474245"
"0364","UNIVERSIDAD TECNOLOGICA DE PEREIRA","NACIONAL","ORGANOS AUTÓNOMOS","NO APLICA","EDUCACIÓN","NO APLICA","ENTE UNIVERSITARIO AUTÓNOMO","2025","Fuente: Función Pública, Planta, junio 2025","237","0","0","21","0","1560","1818","1","236","0","0","0","1560","21","0","0","0","-75.690601","4.808717"
"0365","UNIVERSIDAD NACIONAL ABIERTA Y A DISTANCIA -UNAD","NACIONAL","ORGANOS AUTÓNOMOS","NO APLICA","EDUCACIÓN","NO APLICA","ENTE UNIVERSITARIO AUTÓNOMO","2025","Fuente: Función Pública, Planta, junio 2025","302","0","0","0","0","4620","4922","1","301","0","0","0","4620","0","0","0","0","-74.072092","4.710989"
"0367","CORPORACION AUTONOMA REGIONAL DEL CAUCA","NACIONAL","ORGANOS AUTÓNOMOS","NO APLICA","AMBIENTE Y DESARROLLO SOSTENIBLE","NO APLICA","ORGANOS AUTÓNOMOS","2025","Fuente: Función Pública, Planta, junio 2025","216","0","0","0","0","0","216","28","187","1","0","0","0","0","0","0","0","-76.614739","2.444814"
"0368","CORPORACION AUTONOMA REGIONAL DE LA GUAJIRA","NACIONAL","ORGANOS AUTÓNOMOS","NO APLICA","AMBIENTE Y DESARROLLO SOSTENIBLE","NO APLICA","ORGANOS AUTÓNOMOS","2025","Fuente: Función Pública, Planta, junio 2025","124","0","0","0","0","0","124","11","112","1","0","0","0","0","0","0","0","-72.916784","11.538415"
"0369","CORPORACION AUTONOMA REGIONAL DE LAS CUENCAS DE LOS RIOS NEGRO Y NARE","NACIONAL","ORGANOS AUTÓNOMOS","NO APLICA","AMBIENTE Y DESARROLLO SOSTENIBLE","NO APLICA","ORGANOS AUTÓNOMOS","2025","Fuente: Función Pública, Planta, junio 2025","223","0","0","0","0","0","223","27","194","2","0","0","0","0","0","0","0","-75.264509","6.139611"
"0370","UNIVERSIDAD DE LA AMAZONIA","NACIONAL","ORGANOS AUTÓNOMOS","NO APLICA","EDUCACIÓN","NO APLICA","ENTE UNIVERSITARIO AUTÓNOMO","2025","Fuente: Función Pública, Planta, junio 2025","65","0","0","12","0","598","675","20","45",,"0","0","598","12","0","0","0","-75.604236","1.615386"
"0371","UNIVERSIDAD COLEGIO MAYOR DE CUNDINAMARCA","NACIONAL","ORGANOS AUTÓNOMOS","NO APLICA","EDUCACIÓN","NO APLICA","ENTE UNIVERSITARIO AUTÓNOMO","2025","Fuente: Función Pública, Planta, junio 2025","179","0","0","0","0","664","843","35","143","1","0","0","664","0","0","0","0","-74.072092","4.710989"
"0373","CORPORACION AUTONOMA REGIONAL DE NARINO","NACIONAL","ORGANOS AUTÓNOMOS","NO APLICA","AMBIENTE Y DESARROLLO SOSTENIBLE","NO APLICA","ORGANOS AUTÓNOMOS","2025","Fuente: Función Pública, Planta, junio 2025","99","0","0","0","0","0","99","6","92","1","0","0","0","0","0","0","0","-77.285787","1.205884"
"0376","FONDO DE PREVISION SOCIAL DEL CONGRESO DE LA REPUBLICA","NACIONAL","RAMA EJECUTIVA","DESCENTRALIZADO","SALUD Y PROTECCIÓN SOCIAL","ADSCRITAS","ESTABLECIMIENTO PÚBLICO","2025","Fuente: Función Pública, Planta, junio 2025","53","0","0","0","0","0","53","7","46","0","0","0","0","0","0","0","0","-74.072092","4.710989"
"0401","UNIDAD ADMINISTRATIVA ESPECIAL JUNTA CENTRAL DE CONTADORES","NACIONAL","RAMA EJECUTIVA","DESCENTRALIZADO","COMERCIO INDUSTRIA Y TURISMO","ADSCRITAS","UNIDAD ADMINISTRATIVA ESPECIAL CON PERSONERÍA JURÍDICA","2025","Fuente: Función Pública, Planta, junio 2025","11","0","0","0","0","0","11","4","7","0","0","0","0","0","0","0","0","-74.072092","4.710989"
"0461","AGENCIA NACIONAL DE SEGURIDAD VIAL","NACIONAL","RAMA EJECUTIVA","DESCENTRALIZADO","TRANSPORTE","ADSCRITAS","UNIDAD ADMINISTRATIVA ESPECIAL CON PERSONERÍA JURÍDICA","2025","Fuente: Función Pública, Planta, junio 2025","114","0","0","0","0","0","114","26","88","0","0","0","0","0","0","0","0","-74.072092","4.710989"
"0669","INSTITUTO COLOMBIANO DE CREDITO EDUCATIVO Y ESTUDIOS TECNICOS EN EL EXTERIOR ""MARIANO OSPINA PEREZ""","NACIONAL","RAMA EJECUTIVA","DESCENTRALIZADO","HACIENDA Y CRÉDITO PÚBLICO","VINCULADAS","ESPECIAL","2025","Fuente: Función Pública, Planta, junio 2025","200","0","18","0","0","0","218","35","183","0","0","0","0","0","0","0","0","-74.072092","4.710989"
"0753","CENIT TRANSPORTE Y LOGISTICA DE HIDROCARBUROS S.A.S","NACIONAL","RAMA EJECUTIVA","DESCENTRALIZADO","MINAS Y ENERGIA","VINCULADAS","SOCIEDAD DE ECONOMÍA MIXTA","2025","Fuente: Función Pública, Planta, junio 2025","0","0","0","0","525","0","525","0","0","0","0","0","0","0","525","0","0","-74.072092","4.710989"
"0822","INSTITUTO TOLIMENSE DE FORMACION TECNICA PROFESIONAL","NACIONAL","RAMA EJECUTIVA","DESCENTRALIZADO","EDUCACIÓN","ADSCRITAS","ESTABLECIMIENTO PÚBLICO","2025","Fuente: Función Pública, Planta, junio 2025","81","0","0","0","0","50","131","11","69","1","0","0","50","0","0","0","0","-74.884341","4.149819"
"0824","INSTITUTO NACIONAL DE FORMACION TECNICA PROFESIONAL DEL DEPARTAMENTO DE SAN ANDRES, PROVIDENCIA Y SANTA CATALINA","NACIONAL","RAMA EJECUTIVA","DESCENTRALIZADO","EDUCACIÓN","ADSCRITAS","ESTABLECIMIENTO PÚBLICO","2025","Fuente: Función Pública, Planta, junio 2025","22","0","0","0","0","21","43","5","16","1","0","0","21","0","0","0","0","-81.37127","13.35395"
"0826","ESCUELA TECNOLOGICA INSTITUTO TECNICO CENTRAL","NACIONAL","RAMA EJECUTIVA","DESCENTRALIZADO","EDUCACIÓN","ADSCRITAS","ESTABLECIMIENTO PÚBLICO","2025","Fuente: Función Pública, Planta, junio 2025","100","0","0","0","0","180","280","16","83","1","0","0","180","0","0","0","0","-74.072092","4.710989"
"0827","INSTITUTO NACIONAL DE VIAS","NACIONAL","RAMA EJECUTIVA","DESCENTRALIZADO","TRANSPORTE","ADSCRITAS","ESTABLECIMIENTO PÚBLICO","2025","Fuente: Función Pública, Planta, junio 2025","1080","0","0","0","0","0","1080","82","998","0","0","0","0","0","0","0","0","-74.072092","4.710989"
"0870","UNIDAD ADMINISTRATIVA ESPECIAL DIRECCION DE IMPUESTOS Y ADUANAS NACIONALES","NACIONAL","RAMA EJECUTIVA","DESCENTRALIZADO","HACIENDA Y CRÉDITO PÚBLICO","ADSCRITAS","UNIDAD ADMINISTRATIVA ESPECIAL CON PERSONERÍA JURÍDICA","2025","Fuente: Función Pública, Planta, junio 2025","21937","0","0","0","0","0","21937","192","21745","0","0","0","0","0","0","0","0","-74.072092","4.710989"
"0876","DIRECCION NACIONAL DE DERECHO DE AUTOR","NACIONAL","RAMA EJECUTIVA","DESCENTRALIZADO","INTERIOR","ADSCRITAS","UNIDAD ADMINISTRATIVA ESPECIAL CON PERSONERÍA JURÍDICA","2025","Fuente: Función Pública, Planta, junio 2025","53","0","0","0","0","0","53","19","34","0","0","0","0","0","0","0","0","-74.072092","4.710989"
"0878","PROCURADURIA GENERAL DE LA NACION","NACIONAL","ORGANOS DE CONTROL","NO APLICA","NO APLICA","NO APLICA","PROCURADURÍA GENERAL DE LA NACIÓN","2025","Fuente: Función Pública, Planta, junio 2025","5345","0","218","0","0","0","5563","0","5563","0","0","0","0","0","0","0","0","-74.072092","4.710989"
"0880","UNIDAD DE PLANEACION MINERO ENERGETICA","NACIONAL","RAMA EJECUTIVA","DESCENTRALIZADO","MINAS Y ENERGIA","ADSCRITAS","UNIDAD ADMINISTRATIVA ESPECIAL CON PERSONERÍA JURÍDICA","2025","Fuente: Función Pública, Planta, junio 2025","157","0","0","0","0","0","157","24","133","0","0","0","0","0","0","0","0","-74.072092","4.710989"
"0882","CORPORACION AUTONOMA REGIONAL DE LA ORINOQUIA","NACIONAL","ORGANOS AUTÓNOMOS","NO APLICA","AMBIENTE Y DESARROLLO SOSTENIBLE","NO APLICA","ORGANOS AUTÓNOMOS","2025","Fuente: Función Pública, Planta, junio 2025","81","0","0","0","0","0","81","16","64","1","0","0","0","0","0","0","0","-72.400523","5.348903"
"0883","CORPORACION AUTONOMA REGIONAL DE SUCRE","NACIONAL","ORGANOS AUTÓNOMOS","NO APLICA","AMBIENTE Y DESARROLLO SOSTENIBLE","NO APLICA","ORGANOS AUTÓNOMOS","2025","Fuente: Función Pública, Planta, junio 2025","45","0","0","0","0","0","45","5","39","1","0","0","0","0","0","0","0","-75.390557","9.304577"
"0884","CORPORACION  AUTONOMA REGIONAL DEL ALTO MAGDALENA - CAM","NACIONAL","ORGANOS AUTÓNOMOS","NO APLICA","AMBIENTE Y DESARROLLO SOSTENIBLE","NO APLICA","ORGANOS AUTÓNOMOS","2025","Fuente: Función Pública, Planta, junio 2025","81","0","0","0","0","0","81","14","67","0","0","0","0","0","0","0","0","-75.2809","2.934484"
"0885","CORPORACION AUTONOMA REGIONAL DEL ATLANTICO","NACIONAL","ORGANOS AUTÓNOMOS","NO APLICA","AMBIENTE Y DESARROLLO SOSTENIBLE","NO APLICA","ORGANOS AUTÓNOMOS","2025","Fuente: Función Pública, Planta, junio 2025","68","0","0","0","0","0","68","8","59","1","0","0","0","0","0","0","0","-74.806981","11.004107"
"0886","CORPORACION AUTONOMA REGIONAL DE SANTANDER","NACIONAL","ORGANOS AUTÓNOMOS","NO APLICA","AMBIENTE Y DESARROLLO SOSTENIBLE","NO APLICA","ORGANOS AUTÓNOMOS","2025","Fuente: Función Pública, Planta, junio 2025","86","0","0","0","0","0","86","8","77","1","0","0","0","0","0","0","0","-73.13412","6.554824"
"0887","CORPORACION AUTONOMA REGIONAL DE BOYACA","NACIONAL","ORGANOS AUTÓNOMOS","NO APLICA","AMBIENTE Y DESARROLLO SOSTENIBLE","NO APLICA","ORGANOS AUTÓNOMOS","2025","Fuente: Función Pública, Planta, junio 2025","241","0","0","0","0","0","241","14","226","1","0","0","0","0","0","0","0","-73.357557","5.544642"
"0888","CORPORACION AUTONOMA REGIONAL DE CHIVOR -","NACIONAL","ORGANOS AUTÓNOMOS","NO APLICA","AMBIENTE Y DESARROLLO SOSTENIBLE","NO APLICA","ORGANOS AUTÓNOMOS","2025","Fuente: Función Pública, Planta, junio 2025","33","0","0","0","0","0","33","6","26","1","0","0","0","0","0","0","0","-73.365046","5.082453"
"0889","CORPORACION AUTONOMA REGIONAL DEL GUAVIO","NACIONAL","ORGANOS AUTÓNOMOS","NO APLICA","AMBIENTE Y DESARROLLO SOSTENIBLE","NO APLICA","ORGANOS AUTÓNOMOS","2025","Fuente: Función Pública, Planta, junio 2025","27","0","0","0","0","0","27","5","21","1","0","0","0","0","0","0","0","-73.51997","4.693039"
"0890","CORPORACION AUTONOMA REGIONAL DEL CANAL DEL DIQUE","NACIONAL","ORGANOS AUTÓNOMOS","NO APLICA","AMBIENTE Y DESARROLLO SOSTENIBLE","NO APLICA","ORGANOS AUTÓNOMOS","2025","Fuente: Función Pública, Planta, junio 2025","160","0","0","0","0","0","160","14","145","1","0","0","0","0","0","0","0","-75.479426","10.391049"
"0891","CORPORACION AUTONOMA REGIONAL DEL SUR DE BOLIVAR","NACIONAL","ORGANOS AUTÓNOMOS","NO APLICA","AMBIENTE Y DESARROLLO SOSTENIBLE","NO APLICA","ORGANOS AUTÓNOMOS","2025","Fuente: Función Pública, Planta, junio 2025","36","0","0","0","0","0","36","5","30","1","0","0","0","0","0","0","0","-74.752759","9.241416"
"0893","CORPORACION PARA EL DESARROLLO SOSTENIBLE DEL ARCHIPIELAGO DE SAN ANDRES PROVIDENCIA Y SANTA CATALINA","NACIONAL","ORGANOS AUTÓNOMOS","NO APLICA","AMBIENTE Y DESARROLLO SOSTENIBLE","NO APLICA","ORGANOS AUTÓNOMOS","2025","Fuente: Función Pública, Planta, junio 2025","39","0","0","0","0","0","39","6","31","2","0","0","0","0","0","0","0","-81.7005615","12.5847197"
"0894","CORPORACION PARA EL DESARROLLO SOSTENIBLE DEL AREA DE MANEJO ESPECIAL LA MACARENA","NACIONAL","ORGANOS AUTÓNOMOS","NO APLICA","AMBIENTE Y DESARROLLO SOSTENIBLE","NO APLICA","ORGANOS AUTÓNOMOS","2025","Fuente: Función Pública, Planta, junio 2025","70","0","0","0","0","0","70","8","61","1","0","0","0","0","0","0","0","-73.63769","4.151382"
"0895","CORPORACION AUTONOMA REGIONAL DEL RIO GRANDE DE LA MAGDALENA CORMAGDALENA","NACIONAL","ORGANOS AUTÓNOMOS","NO APLICA","AMBIENTE Y DESARROLLO SOSTENIBLE","RÉGIMEN AUTÓNOMO","EMPRESAS INDUSTRIALES Y COMERCIALES DEL ESTADO","2025","Fuente: Función Pública, Planta, junio 2025","46","0","0","0","0","0","46","25","20","1","0","0","0","0","0","0","0","-73.851932","7.061708"
"0896","CONTRALORIA GENERAL DE LA REPUBLICA","NACIONAL","ORGANOS DE CONTROL","NO APLICA","NO APLICA","NO APLICA","CONTRALORÍA GENERAL DE LA REPÚBLICA","2025","Fuente: Función Pública, Planta, junio 2025","6454","375","0","0","0","0","6829","222","6231","1","375","0","0","0","0","0","0","-74.072092","4.710989"
"0897","UNIDAD ADMINISTRATIVA ESPECIAL CONTADURIA GENERAL DE LA NACION","NACIONAL","RAMA EJECUTIVA","DESCENTRALIZADO","HACIENDA Y CRÉDITO PÚBLICO","ADSCRITAS","UNIDAD ADMINISTRATIVA ESPECIAL CON PERSONERÍA JURÍDICA","2025","Fuente: Función Pública, Planta, junio 2025","113","0","0","0","0","0","113","31","82","0","0","0","0","0","0","0","0","-74.072092","4.710989"
"0907","CORPORACION AUTONOMA REGIONAL DEL CESAR","NACIONAL","ORGANOS AUTÓNOMOS","NO APLICA","AMBIENTE Y DESARROLLO SOSTENIBLE","NO APLICA","ORGANOS AUTÓNOMOS","2025","Fuente: Función Pública, Planta, junio 2025","106","0","0","0","0","0","106","12","93","1","0","0","0","0","0","0","0","-73.243633","10.474245"
"0908","CORPORACION AUTONOMA REGIONAL DE LA FRONTERA NORORIENTAL","NACIONAL","ORGANOS AUTÓNOMOS","NO APLICA","AMBIENTE Y DESARROLLO SOSTENIBLE","NO APLICA","ORGANOS AUTÓNOMOS","2025","Fuente: Función Pública, Planta, junio 2025","176","0","0","0","0","0","176","26","149","1","0","0","0","0","0","0","0","-72.49669","7.889097"
"0913","INSTITUTO NACIONAL DE FORMACION TECNICA PROFESIONAL DE SAN JUAN DEL CESAR","NACIONAL","RAMA EJECUTIVA","DESCENTRALIZADO","EDUCACIÓN","ADSCRITAS","ESTABLECIMIENTO PÚBLICO","2025","Fuente: Función Pública, Planta, junio 2025","44","0","0","0","0","37","81","3","40","1","0","0","37","0","0","0","0","-73.002153","10.769864"
"0915","INSTITUTO TECNICO NACIONAL DE COMERCIO ""SIMON RODRIGUEZ""","NACIONAL","RAMA EJECUTIVA","DESCENTRALIZADO","EDUCACIÓN","ADSCRITAS","ESTABLECIMIENTO PÚBLICO","2025","Fuente: Función Pública, Planta, junio 2025","40","0","0","0","0","49","89","9","30","1","0","0","49","0","0","0","0","-76.531985","3.451647"
"0917","ARCHIVO GENERAL DE LA NACION","NACIONAL","RAMA EJECUTIVA","DESCENTRALIZADO","CULTURA","ADSCRITAS","ESTABLECIMIENTO PÚBLICO","2025","Fuente: Función Pública, Planta, junio 2025","167","0","0","0","0","0","167","20","147","0","0","0","0","0","0","0","0","-74.072092","4.710989"
"0925","SENADO DE LA REPUBLICA","NACIONAL","RAMA LEGISLATIVA","NO APLICA","NO APLICA","NO APLICA","SENADO DE LA REPÚBLICA","2025","Fuente: Función Pública, Planta, junio 2025","303","0","0","0","0","0","303","43","245","13","0","0","0","0","0","0","2","-74.072092","4.710989"
"0932","FONDO DE PASIVO SOCIAL DE FERROCARRILES NACIONALES DE COLOMBIA","NACIONAL","RAMA EJECUTIVA","DESCENTRALIZADO","SALUD Y PROTECCIÓN SOCIAL","ADSCRITAS","ESTABLECIMIENTO PÚBLICO","2025","Fuente: Función Pública, Planta, junio 2025","72","0","0","0","0","0","72","11","61","0","0","0","0","0","0","0","0","-74.072092","4.710989"
"1016","CONSEJO NACIONAL ELECTORAL","NACIONAL","ORGANIZACIÓN ELECTORAL","NO APLICA","NO APLICA","NO APLICA","CONSEJO NACIONAL ELECTORAL","2025","Fuente: Función Pública, Planta, junio 2025","206","0","0","0","0","0","206","206","0","0","0","0","0","0","0","0","0","-74.072092","4.710989"
"10367","GRUPO BICENTENARIO SAS","NACIONAL","RAMA EJECUTIVA","CENTRAL","HACIENDA Y CRÉDITO PÚBLICO",,"SOCIEDAD DE ECONOMÍA MIXTA","2025","Fuente: Función Pública, Planta, junio 2025","0","0","0","0","0","0","0","0","0","0","0","0","0","0","0","0","0","-74.072092","4.710989"
"1040","EMPRESA SOCIAL DEL ESTADO CENTRO DERMATOLOGICO FEDERICO LLERAS ACOSTA","NACIONAL","RAMA EJECUTIVA","DESCENTRALIZADO","SALUD Y PROTECCIÓN SOCIAL","ADSCRITAS","EMPRESAS SOCIALES DEL ESTADO","2025","Fuente: Función Pública, Planta, junio 2025","72","0","0","0","0","0","72","7","64","1","0","0","0","0","0","0","0","-74.072092","4.710989"
"10491","OLEODUCTO DE COLOMBIA S.A.","NACIONAL","RAMA EJECUTIVA","DESCENTRALIZADO","MINAS Y ENERGIA",,"SOCIEDAD DE ECONOMÍA MIXTA","2025","Fuente: Función Pública, Planta, junio 2025","0","0","0","0","0","0","0","0","0","0","0","0","0","0","0","0","0","-74.072092","4.710989"
"10817","FONDO DE DEFENSA TÉCNICA Y ESPECIALIZADA DE LOS MIEMBROS DE LA FUERZA PÚBLICA","NACIONAL","RAMA EJECUTIVA","CENTRAL","DEFENSA","NO APLICA","DEPENDENCIA ESPECIAL","2025","Fuente: Función Pública, Planta, junio 2025","0","0","0","0","0","0","0","0","0","0","0","0","0","0","0","0","0","-74.072092","4.710989"
"1321","FINANCIERA DE DESARROLLO NACIONAL","NACIONAL","RAMA EJECUTIVA","DESCENTRALIZADO","HACIENDA Y CRÉDITO PÚBLICO","VINCULADAS","SOCIEDAD DE ECONOMÍA MIXTA","2025","Fuente: Función Pública, Planta, junio 2025","0","0","0","0","20","0","20","0","0","0","0","0","0","20","20","0","0","-74.072092","4.710989"
"13383","HOSPITAL UNIVERSITARIO SAN JUAN DE DIOS Y MATERNO INFANTIL","NACIONAL","RAMA EJECUTIVA","DESCENTRALIZADO","SALUD Y PROTECCIÓN SOCIAL",,"ESPECIAL","2025","Fuente: Función Pública, Planta, junio 2025","151","0","0","1686","0","0","1837","29","122","0","0","0","0","1686","0","0","0","-74.072092","4.710989"
"13384","INSTITUTO NACIONAL DE DONACIÓN Y TRASPLANTE DE ÓRGANOS Y TEJIDOS","NACIONAL","RAMA EJECUTIVA","DESCENTRALIZADO","SALUD Y PROTECCIÓN SOCIAL",,"ESTABLECIMIENTO PÚBLICO","2025","Fuente: Función Pública, Planta, junio 2025","0","0","0","0","0","0","0","0","0","0","0","0","0","0","0","0","0","-74.072092","4.710989"
"13407","INSTITUTO NACIONAL DE VÍAS REGIONALES","NACIONAL","RAMA EJECUTIVA","DESCENTRALIZADO","TRANSPORTE","NO APLICA","ESTABLECIMIENTO PÚBLICO","2025","Fuente: Función Pública, Planta, junio 2025","0","0","0","0","0","0","0","0","0","0","0","0","0","0","0","0","0","-74.072092","4.710989"
"1426","CENTRO DE DIAGNOSTICO AUTOMOTOR DE CALDAS LTDA","NACIONAL","RAMA EJECUTIVA","DESCENTRALIZADO","TRANSPORTE","ADSCRITAS","EMPRESAS INDUSTRIALES Y COMERCIALES DEL ESTADO","2025","Fuente: Función Pública, Planta, junio 2025","3","2","0","15","0","0","20","3","0","0","2","0","0","15","0","0","0","-75.513817","5.070275"
"1428","CENTRO DE DIAGNOSTICO AUTOMOTOR DE CUCUTA LTDA","NACIONAL","RAMA EJECUTIVA","DESCENTRALIZADO","TRANSPORTE","ADSCRITAS","EMPRESAS INDUSTRIALES Y COMERCIALES DEL ESTADO","2025","Fuente: Función Pública, Planta, junio 2025","0","0","0","0","19","0","19","0","0","0","0","0","0","0","19","0","0","-72.49669","7.889097"
"1528","CORPORACION PARA EL DESARROLLO SOSTENIBLE DE LA MOJANA Y EL SAN JORGE","NACIONAL","ORGANOS AUTÓNOMOS","NO APLICA","NO APLICA","NO APLICA","ORGANOS AUTÓNOMOS","2025","Fuente: Función Pública, Planta, junio 2025","35","0","0","0","0","0","35","7","26","2","0","0","0","0","0","0","0","-75.128872","8.662577"
"2030","IMPRENTA NACIONAL DE COLOMBIA","NACIONAL","RAMA EJECUTIVA","DESCENTRALIZADO","INTERIOR","VINCULADAS","EMPRESAS INDUSTRIALES Y COMERCIALES DEL ESTADO","2025","Fuente: Función Pública, Planta, junio 2025","10","0","0","252","0","0","262","10","0","0","0","0","0","252","0","0","0","-74.072092","4.710989"
"2195","BANCO DE LA REPUBLICA","NACIONAL","ORGANOS AUTÓNOMOS","NO APLICA","NO APLICA","NO APLICA","ORGANOS AUTÓNOMOS","2025","Fuente: Función Pública, Planta, junio 2025","6","0","0","0","2668","0","2674","0","0","6","0","0","0","0","2668","0","0","-74.072092","4.710989"
"3682","DIRECCION NACIONAL EJECUTIVA DE ADMINISTRACION JUDICIAL","NACIONAL","RAMA JUDICIAL","NO APLICA","NO APLICA","NO APLICA","DIRECCIÓN NACIONAL EJECUTIVA DE ADMINISTRACIÓN JUDICIAL","2025","Fuente: Función Pública, Planta, junio 2025","0","0","0","0","0","0","0","0","0","0","0","0","0","0","0","0","0","-74.072092","4.710989"
"3965","CONSEJO PROFESIONAL NACIONAL DE INGENIERIA","NACIONAL","ORGANOS AUTÓNOMOS","DESCENTRALIZADO","NO APLICA","NO APLICA","ESTABLECIMIENTO PÚBLICO","2025","Fuente: Función Pública, Planta, junio 2025","201","0","0","0","0","0","201","201","0","0","0","0","0","0","0","0","0","-74.072092","4.710989"
"4183","EMPRESA DE ENERGIA DEL ARCHIPIELAGO DE SAN ANDRES, PROVIDENCIA Y SANTA CATALINA","NACIONAL","RAMA EJECUTIVA","DESCENTRALIZADO","MINAS Y ENERGIA","VINCULADAS","EMPRESA DE SERVICIOS PUBLICOS DOMICILIARIO OFICIAL","2025","Fuente: Función Pública, Planta, junio 2025","0","0","0","0","4","0","4","0","0","0","0","0","0","0","4","0","0","-81.7005615","12.5847197"
"4252","UNIDAD DE PLANEACION DE INFRAESTRUCTURA DE TRANSPORTE","NACIONAL","RAMA EJECUTIVA","DESCENTRALIZADO","TRANSPORTE","ADSCRITAS","UNIDAD ADMINISTRATIVA ESPECIAL CON PERSONERÍA JURÍDICA","2025","Fuente: Función Pública, Planta, junio 2025","88","0","0","0","0","0","88","29","59","0","0","0","0","0","0","0","0","-74.072092","4.710989"
"4293","CONSEJO DE ESTADO","NACIONAL","RAMA JUDICIAL","NO APLICA","NO APLICA","NO APLICA","CONSEJO DE ESTADO","2025","Fuente: Función Pública, Planta, junio 2025","1026","0","0","0","0","0","1026","126","900","0","0","0","0","0","0","0","0","-74.072092","4.710989"
"4310","INSTITUTO DE EVALUACION TECNOLOGICA EN SALUD","NACIONAL","RAMA EJECUTIVA","DESCENTRALIZADO","SALUD Y PROTECCIÓN SOCIAL","VINCULADAS","SOCIEDAD DE ECONOMÍA MIXTA","2025","Fuente: Función Pública, Planta, junio 2025","0","0","0","0","33","0","33","0","0","0","0","0","0","0","33","0","0","-74.072092","4.710989"
"4629","COMISION DE REGULACION DE INFRAESTRUCTURA DE TRANSPORTE","NACIONAL","RAMA EJECUTIVA","DESCENTRALIZADO","TRANSPORTE","ADSCRITAS","UNIDAD ADMINISTRATIVA ESPECIAL CON PERSONERÍA JURÍDICA","2025","Fuente: Función Pública, Planta, junio 2025","0","0","0","0","0","0","0","0","0","0","0","0","0","0","0","0","0","-74.072092","4.710989"
"5199","AGENCIA NACIONAL DE HIDROCARBUROS","NACIONAL","RAMA EJECUTIVA","DESCENTRALIZADO","MINAS Y ENERGIA","ADSCRITAS","AGENCIA ESTATAL DE NATURALEZA ESPECIAL","2025","Fuente: Función Pública, Planta, junio 2025","147","0","0","0","0","0","147","50","97","0","0","0","0","0","0","0","0","-74.072092","4.710989"
"5202","AGENCIA NACIONAL DE INFRAESTRUCTURA.","NACIONAL","RAMA EJECUTIVA","DESCENTRALIZADO","TRANSPORTE","ADSCRITAS","AGENCIA ESTATAL DE NATURALEZA ESPECIAL","2025","Fuente: Función Pública, Planta, junio 2025","246","0","0","0","0","0","246","68","178","0","0","0","0","0","0","0","0","-74.072092","4.710989"
"5203","MINISTERIO DE COMERCIO, INDUSTRIA Y TURISMO","NACIONAL","RAMA EJECUTIVA","CENTRAL","COMERCIO INDUSTRIA Y TURISMO","CABEZA","MINISTERIO","2025","Fuente: Función Pública, Planta, junio 2025","479","0","0","0","0","0","479","108","371","0","0","0","0","0","0","0","0","-74.072092","4.710989"
"5204","COLOMBIA TELECOMUNICACIONES S.A. ESP","NACIONAL","RAMA EJECUTIVA","DESCENTRALIZADO","TECNOLOGÍAS DE LA INFORMACION Y LAS COMUNICACIONES","VINCULADAS","EMPRESA DE SERVICIOS PUBLICOS DOMICILIARIO OFICIAL","2025","Fuente: Función Pública, Planta, junio 2025","0","0","0","0","5448","0","5448","0","0","0","0","0","0","0","5448","0","0","-74.072092","4.710989"
"5249","SERVICIO GEOLOGICO COLOMBIANO","NACIONAL","RAMA EJECUTIVA","DESCENTRALIZADO","MINAS Y ENERGIA","ADSCRITAS","INSTITUTO CIENTÍFICO Y TECNOLOGICO","2025","Fuente: Función Pública, Planta, junio 2025","329","0","0","0","0","0","329","19","310","0","0","0","0","0","0","0","0","-74.072092","4.710989"
"5251","SUPERINTENDENCIA DE LA ECONOMIA SOLIDARIA","NACIONAL","RAMA EJECUTIVA","DESCENTRALIZADO","HACIENDA Y CRÉDITO PÚBLICO","ADSCRITAS","SUPERINTENDENCIA CON PERSONERÍA JURÍDICA","2025","Fuente: Función Pública, Planta, junio 2025","140","0","0","0","0","0","140","14","126","0","0","0","0","0","0","0","0","-74.072092","4.710989"
"5252","UNIDAD DE INFORMACION Y ANALISIS FINANCIERO","NACIONAL","RAMA EJECUTIVA","DESCENTRALIZADO","HACIENDA Y CRÉDITO PÚBLICO","ADSCRITAS","UNIDAD ADMINISTRATIVA ESPECIAL CON PERSONERÍA JURÍDICA","2025","Fuente: Función Pública, Planta, junio 2025","123","0","0","0","0","0","123","19","104","0","0","0","0","0","0","0","0","-74.072092","4.710989"
"5253","CORPORACION NACIONAL PARA LA RECONSTRUCCION DE LA CUENCA DEL RIO PAEZ Y ZONAS ALEDAÑAS","NACIONAL","RAMA EJECUTIVA","DESCENTRALIZADO","INTERIOR","ADSCRITAS","ESTABLECIMIENTO PÚBLICO","2025","Fuente: Función Pública, Planta, junio 2025","20","0","0","0","0","0","20","20","0","0","0","0","0","0","0","0","0","-76.614739","2.444814"
"5254","COMISION DE REGULACION DE ENERGIA Y GAS","NACIONAL","RAMA EJECUTIVA","CENTRAL","MINAS Y ENERGIA","ADSCRITAS","UNIDAD ADMINISTRATIVA ESPECIAL SIN PERSONERÍA JURÍDICA","2025","Fuente: Función Pública, Planta, junio 2025","95","0","0","0","0","0","95","66","29","0","0","0","0","0","0","0","0","-74.072092","4.710989"
"5255","INSTITUTO DE PLANIFICACION Y PROMOCION DE SOLUCIONES ENERGETICAS PARA LAS ZONAS NO INTERCONECTADAS","NACIONAL","RAMA EJECUTIVA","DESCENTRALIZADO","MINAS Y ENERGIA","ADSCRITAS","ESTABLECIMIENTO PÚBLICO","2025","Fuente: Función Pública, Planta, junio 2025","74","0","0","0","0","0","74","10","64","0","0","0","0","0","0","0","0","-74.072092","4.710989"
"5258","UNIVERSIDAD MILITAR NUEVA GRANADA","NACIONAL","ORGANOS AUTÓNOMOS","NO APLICA","EDUCACIÓN","NO APLICA","ENTE UNIVERSITARIO AUTÓNOMO","2025","Fuente: Función Pública, Planta, junio 2025","759","0","0","1","0","1624","2384","57","701","1","0","0","1624","1","0","0","0","-74.072092","4.710989"
"5259","SUPERINTENDENCIA DE VIGILANCIA Y SEGURIDAD PRIVADA","NACIONAL","RAMA EJECUTIVA","DESCENTRALIZADO","DEFENSA","ADSCRITAS","SUPERINTENDENCIA CON PERSONERÍA JURÍDICA","2025","Fuente: Función Pública, Planta, junio 2025","94","0","0","0","0","0","94","14","80","0","0","0","0","0","0","0","0","-74.072092","4.710989"
"5265","CLUB MILITAR","NACIONAL","RAMA EJECUTIVA","DESCENTRALIZADO","DEFENSA","ADSCRITAS","ESTABLECIMIENTO PÚBLICO","2025","Fuente: Función Pública, Planta, junio 2025","258","0","0","22","0","0","280","25","233","0","0","0","0","22","0","0","0","-74.072092","4.710989"
"5288","SOCIEDAD HOTELERA TEQUENDAMA S.A.","NACIONAL","RAMA EJECUTIVA","DESCENTRALIZADO","DEFENSA","VINCULADAS","SOCIEDAD DE ECONOMÍA MIXTA","2025","Fuente: Función Pública, Planta, junio 2025","3","0","0","278","0","0","281","3","0","0","0","0","0","278","0","0","0","-74.072092","4.710989"
"5289","INSTITUTO DE CASAS FISCALES DEL EJERCITO","NACIONAL","RAMA EJECUTIVA","DESCENTRALIZADO","DEFENSA","ADSCRITAS","ESTABLECIMIENTO PÚBLICO","2025","Fuente: Función Pública, Planta, junio 2025","57","0","0","41","0","0","98","19","38","0","0","0","0","41","0","0","0","-74.072092","4.710989"
"5290","INDUSTRIA MILITAR","NACIONAL","RAMA EJECUTIVA","DESCENTRALIZADO","DEFENSA","VINCULADAS","EMPRESAS INDUSTRIALES Y COMERCIALES DEL ESTADO","2025","Fuente: Función Pública, Planta, junio 2025","3","0","0","1410","0","0","1413","3","0","0","0","0","0","1410","0","0","0","-74.072092","4.710989"
"5291","CAJA PROMOTORA DE VIVIENDA MILITAR Y DE POLICIA","NACIONAL","RAMA EJECUTIVA","DESCENTRALIZADO","DEFENSA","VINCULADAS","EMPRESAS INDUSTRIALES Y COMERCIALES DEL ESTADO","2025","Fuente: Función Pública, Planta, junio 2025","15","0","0","367","0","0","382","15","0","0","0","0","0","367","0","0","0","-74.072092","4.710989"
"5292","SERVICIO AEREO A TERRITORIOS NACIONALES S.A.","NACIONAL","RAMA EJECUTIVA","DESCENTRALIZADO","DEFENSA","VINCULADAS","SOCIEDAD DE ECONOMÍA MIXTA","2025","Fuente: Función Pública, Planta, junio 2025","8","0","0","290","0","0","298","5","3","0","0","0","0","290","0","0","0","-74.072092","4.710989"
"5293","CORPORACION DE LA INDUSTRIA AERONAUTICA COLOMBIANA S.A.","NACIONAL","RAMA EJECUTIVA","DESCENTRALIZADO","DEFENSA","VINCULADAS","SOCIEDAD DE ECONOMÍA MIXTA","2025","Fuente: Función Pública, Planta, junio 2025","16","0","0","384","0","0","400","14","2","0","0","0","0","384","0","0","0","-74.072092","4.710989"
"5294","HOSPITAL MILITAR CENTRAL","NACIONAL","RAMA EJECUTIVA","DESCENTRALIZADO","DEFENSA","ADSCRITAS","ESTABLECIMIENTO PÚBLICO","2025","Fuente: Función Pública, Planta, junio 2025","1398","0","0","114","0","0","1512","980","418","0","0","0","0","114","0","0","0","-74.072092","4.710989"
"5295","INSTITUTO DE HIDROLOGIA, METEOROLOGIA Y ESTUDIOS AMBIENTALES","NACIONAL","RAMA EJECUTIVA","DESCENTRALIZADO","AMBIENTE Y DESARROLLO SOSTENIBLE","ADSCRITAS","ESTABLECIMIENTO PÚBLICO","2025","Fuente: Función Pública, Planta, junio 2025","488","0","0","0","0","0","488","19","469","0","0","0","0","0","0","0","0","-74.072092","4.710989"
"5298","INSTITUTO COLOMBIANO DE ANTROPOLOGIA E HISTORIA","NACIONAL","RAMA EJECUTIVA","DESCENTRALIZADO","CULTURA","ADSCRITAS","ESTABLECIMIENTO PÚBLICO","2025","Fuente: Función Pública, Planta, junio 2025","74","0","0","37","0","0","111","10","64","0","0","0","0","37","0","0","0","-74.072092","4.710989"
"5324","FONDO DE GARANTIAS DE INSTITUCIONES FINANCIERAS","NACIONAL","RAMA EJECUTIVA","DESCENTRALIZADO","HACIENDA Y CRÉDITO PÚBLICO","VINCULADAS","ESPECIAL","2025","Fuente: Función Pública, Planta, junio 2025","2","0","0","0","0","0","2","2","0","0","0","0","0","0","0","0","0","-74.072092","4.710989"
"5325","FONDO DE GARANTIAS DE ENTIDADES COOPERATIVAS","NACIONAL","RAMA EJECUTIVA","DESCENTRALIZADO","HACIENDA Y CRÉDITO PÚBLICO","VINCULADAS","ESPECIAL","2025","Fuente: Función Pública, Planta, junio 2025","2","0","0","0","0","0","2","2","0","0","0","0","0","0","0","0","0","-74.072092","4.710989"
"5326","FINANCIERA DE DESARROLLO TERRITORIAL S.A.","NACIONAL","RAMA EJECUTIVA","DESCENTRALIZADO","HACIENDA Y CRÉDITO PÚBLICO","VINCULADAS","SOCIEDAD DE ECONOMÍA MIXTA","2025","Fuente: Función Pública, Planta, junio 2025","27","0","0","166","350","0","543","27","0","0","0","0","0","166","350","0","0","-74.072092","4.710989"
"5327","LA PREVISORA S.A. COMPAÑIA DE SEGUROS","NACIONAL","RAMA EJECUTIVA","DESCENTRALIZADO","HACIENDA Y CRÉDITO PÚBLICO","VINCULADAS","SOCIEDAD DE ECONOMÍA MIXTA","2025","Fuente: Función Pública, Planta, junio 2025","2","0","0","752","0","0","754","2","0","0","0","0","0","752","0","0","0","-74.072092","4.710989"
"5333","FIDUCIARIA LA PREVISORA S.A.","NACIONAL","RAMA EJECUTIVA","DESCENTRALIZADO","HACIENDA Y CRÉDITO PÚBLICO","VINCULADAS","SOCIEDAD DE ECONOMÍA MIXTA","2025","Fuente: Función Pública, Planta, junio 2025","2","0","0","273","0","0","275","2","0","0","0","0","0","273","0","0","0","-74.072092","4.710989"
"5338","MINISTERIO DE CIENCIA, TECNOLOGIA E INNOVACION","NACIONAL","RAMA EJECUTIVA","CENTRAL","Ciencia Tecnología e Innovación","CABEZA","MINISTERIO","2025","Fuente: Función Pública, Planta, junio 2025","140","0","0","0","0","0","140","59","81","0","0","0","0","0","0","0","0","-74.072092","4.710989"
"5388","FONDO DE BIENESTAR SOCIAL DE LA CONTRALORIA GENERAL DE LA REPUBLICA.","NACIONAL","ORGANOS DE CONTROL","NO APLICA","NO APLICA","NO APLICA","ESTABLECIMIENTO PÚBLICO","2025","Fuente: Función Pública, Planta, junio 2025","179","0","0","0","0","37","216","15","164","0","0","0","37","0","0","0","0","-74.072092","4.710989"
"5389","AUDITORIA GENERAL DE LA REPUBLICA","NACIONAL","ORGANOS DE CONTROL","NO APLICA","NO APLICA","NO APLICA","AUDITORÍA GENERAL DE LA REPÚBLICA","2025","Fuente: Función Pública, Planta, junio 2025","261","0","0","0","0","0","261","63","197","1","0","0","0","0","0","0","0","-74.072092","4.710989"
"5396","REGISTRADURIA NACIONAL DEL ESTADO CIVIL","NACIONAL","ORGANIZACIÓN ELECTORAL","NO APLICA","NO APLICA","NO APLICA","REGISTRADORA NACIONAL","2025","Fuente: Función Pública, Planta, junio 2025","3137","0","0","0","0","0","3137","193","2944","0","0","0","0","0","0","0","0","-74.072092","4.710989"
"5440","CAMARA DE REPRESENTANTES","NACIONAL","RAMA LEGISLATIVA","NO APLICA","NO APLICA","NO APLICA","CÁMARA DE REPRESENTANTES","2025","Fuente: Función Pública, Planta, junio 2025","285","0","0","0","0","0","285","40","232","0","0","0","0","0","0","0","13","-74.072092","4.710989"
"5759","INSTITUTO NACIONAL PENITENCIARIO Y CARCELARIO","NACIONAL","RAMA EJECUTIVA","DESCENTRALIZADO","JUSTICIA Y DEL DERECHO","NO APLICA","ESTABLECIMIENTO PÚBLICO","2025","Fuente: Función Pública, Planta, junio 2025","18595","0","0","0","0","0","18595","253","18342","0","0","0","0","0","0","0","0","-74.072092","4.710989"
"5794","DEFENSORIA DEL PUEBLO","NACIONAL","ORGANOS DE CONTROL","NO APLICA","NO APLICA","NO APLICA","DEFENSORIA DEL PUEBLO","2025","Fuente: Función Pública, Planta, junio 2025","2658","0","0","0","0","0","2658","195","2462","1","0","0","0","0","0","0","0","-74.072092","4.710989"
"5834","CANAL REGIONAL DE TELEVISION TEVEANDINA SAS","NACIONAL","RAMA EJECUTIVA","DESCENTRALIZADO","TECNOLOGÍAS DE LA INFORMACION Y LAS COMUNICACIONES","VINCULADAS","EMPRESAS INDUSTRIALES Y COMERCIALES DEL ESTADO","2025","Fuente: Función Pública, Planta, junio 2025","1","0","0","22","0","0","23","1","0","0","0","0","0","22","0","0","0","-74.072092","4.710989"
"5860","UNIVERSIDAD DEL PACIFICO","NACIONAL","ORGANOS AUTÓNOMOS","NO APLICA","EDUCACIÓN","NO APLICA","ENTE UNIVERSITARIO AUTÓNOMO","2025","Fuente: Función Pública, Planta, junio 2025","46","0","0","29","0","245","320","1","45","0","0","0","245","29","0","0","0","-77.019721","3.883047"
"5891","CORPORACION AUTONOMA REGIONAL DEL CENTRO DE ANTIOQUIA.","NACIONAL","ORGANOS AUTÓNOMOS","NO APLICA","AMBIENTE Y DESARROLLO SOSTENIBLE","NO APLICA","ORGANOS AUTÓNOMOS","2025","Fuente: Función Pública, Planta, junio 2025","461","0","0","0","0","0","461","23","437","1","0","0","0","0","0","0","0","-75.564574","6.2530471"
"5916","CORPORACION PARA EL DESARROLLO SOSTENIBLE DEL NORTE Y ORIENTE DE LA AMAZONIA CDA.","NACIONAL","ORGANOS AUTÓNOMOS","NO APLICA","AMBIENTE Y DESARROLLO SOSTENIBLE","NO APLICA","ORGANOS AUTÓNOMOS","2025","Fuente: Función Pública, Planta, junio 2025","37","0","0","0","0","0","37","10","26","1","0","0","0","0","0","0","0","-67.923917","3.868297"
"5920","CORPORACION PARA EL DESARROLLO SOSTENIBLE DEL SUR DE LA AMAZONIA.","NACIONAL","ORGANOS AUTÓNOMOS","NO APLICA","AMBIENTE Y DESARROLLO SOSTENIBLE","NO APLICA","ORGANOS AUTÓNOMOS","2025","Fuente: Función Pública, Planta, junio 2025","62","0","0","0","0","0","62","5","57","0","0","0","0","0","0","0","0","-76.647655","1.145859"
"5937","UNIDAD ADMINISTRATIVA ESPECIAL DE AERONAUTICA CIVIL","NACIONAL","RAMA EJECUTIVA","DESCENTRALIZADO","TRANSPORTE","ADSCRITAS","UNIDAD ADMINISTRATIVA ESPECIAL CON PERSONERÍA JURÍDICA","2025","Fuente: Función Pública, Planta, junio 2025","3889","0","0","0","0","0","3889","122","3767","0","0","0","0","0","0","0","0","-74.072092","4.710989"
"6056","FONDO ROTATORIO DE LA REGISTRADURIA NACIONAL DEL ESTADO CIVIL","NACIONAL","ORGANIZACIÓN ELECTORAL","NO APLICA","NO APLICA","NO APLICA","ESTABLECIMIENTO PÚBLICO","2025","Fuente: Función Pública, Planta, junio 2025","0","0","0","0","0","0","0","0","0","0","0","0","0","0","0","0","0","-74.072092","4.710989"
"6120","CORTE CONSTITUCIONAL","NACIONAL","RAMA JUDICIAL","NO APLICA","NO APLICA","NO APLICA","CORTE CONSTITUCIONAL","2025","Fuente: Función Pública, Planta, junio 2025","273","0","0","0","0","0","273","73","200","0","0","0","0","0","0","0","0","-74.072092","4.710989"
"6135","ARTESANIAS DE COLOMBIA S.A.","NACIONAL","RAMA EJECUTIVA","DESCENTRALIZADO","COMERCIO INDUSTRIA Y TURISMO","VINCULADAS","SOCIEDAD DE ECONOMÍA MIXTA","2025","Fuente: Función Pública, Planta, junio 2025","8","0","0","81","0","0","89","8","0","0","0","0","0","81","0","0","0","-74.072092","4.710989"
"6137","FONDO NACIONAL DE GARANTIAS S.A.","NACIONAL","RAMA EJECUTIVA","DESCENTRALIZADO","HACIENDA Y CRÉDITO PÚBLICO","VINCULADAS","SOCIEDAD DE ECONOMÍA MIXTA","2025","Fuente: Función Pública, Planta, junio 2025","2","0","0","277","0","0","279","2","0","0","0","0","0","277","0","0","0","-74.072092","4.710989"
"6139","ECOPETROL S.A.","NACIONAL","RAMA EJECUTIVA","DESCENTRALIZADO","MINAS Y ENERGIA","VINCULADAS","SOCIEDAD DE ECONOMÍA MIXTA","2025","Fuente: Función Pública, Planta, junio 2025","2","0","0","0","10206","0","10208","2","0","0","0","0","0","0","10206","0","0","-74.072092","4.710989"
"6146","SOCIEDAD DE TELEVISION DE LAS ISLAS LTDA","NACIONAL","RAMA EJECUTIVA","DESCENTRALIZADO","TECNOLOGÍAS DE LA INFORMACION Y LAS COMUNICACIONES","ADSCRITAS","EMPRESAS INDUSTRIALES Y COMERCIALES DEL ESTADO","2025","Fuente: Función Pública, Planta, junio 2025","8","0","0","0","0","0","8","2","6","0","0","0","0","0","0","0","0","-81.7005615","12.5847197"
"6168","CENTRAL DE INVERSIONES S.A.","NACIONAL","RAMA EJECUTIVA","DESCENTRALIZADO","HACIENDA Y CRÉDITO PÚBLICO","VINCULADAS","ESPECIAL","2025","Fuente: Función Pública, Planta, junio 2025","2","0","0","391","0","0","393","2","0","0","0","0","0","391","0","0","0","-74.072092","4.710989"
"6193","BANCO AGRARIO DE COLOMBIA S.A.","NACIONAL","RAMA EJECUTIVA","DESCENTRALIZADO","HACIENDA Y CRÉDITO PÚBLICO","VINCULADAS","SOCIEDAD DE ECONOMÍA MIXTA","2025","Fuente: Función Pública, Planta, junio 2025","2","0","0","7922","0","0","7924","2","0","0","0","0","0","7922","0","0","0","-74.072092","4.710989"
"6194","FISCALIA GENERAL DE LA NACION","NACIONAL","RAMA JUDICIAL","NO APLICA","NO APLICA","NO APLICA","FISCALÍA GENERAL DE LA NACIÓN","2025","Fuente: Función Pública, Planta, junio 2025","24749","0","0","0","0","0","24749","291","24457","1","0","0","0","0","0","0","0","-74.072092","4.710989"
"6195","INSTITUTO NACIONAL DE MEDICINA LEGAL Y CIENCIAS FORENSES","NACIONAL","RAMA JUDICIAL","NO APLICA","NO APLICA","NO APLICA","ESTABLECIMIENTO PÚBLICO","2025","Fuente: Función Pública, Planta, junio 2025","2269","0","0","0","0","0","2269","2269","0","0","0","0","0","0","0","0","0","-74.072092","4.710989"
"6239","CANAL REGIONAL DE TELEVISION DEL CARIBE LTDA","NACIONAL","RAMA EJECUTIVA","DESCENTRALIZADO","TECNOLOGÍAS DE LA INFORMACION Y LAS COMUNICACIONES","VINCULADAS","EMPRESAS INDUSTRIALES Y COMERCIALES DEL ESTADO","2025","Fuente: Función Pública, Planta, junio 2025","0","0","0","0","0","0","0","0","0","0","0","0","0","0","0","0","0","-74.950761","11.001004"
"6342","SOCIEDAD RADIO TELEVISION NACIONAL DE COLOMBIA","NACIONAL","RAMA EJECUTIVA","DESCENTRALIZADO","TECNOLOGÍAS DE LA INFORMACION Y LAS COMUNICACIONES","VINCULADAS","SOCIEDAD DE ECONOMÍA MIXTA","2025","Fuente: Función Pública, Planta, junio 2025","9","0","0","63","0","0","72","9","0","0","0","0","0","63","0","0","0","-74.072092","4.710989"
"6344","SUPERINTENDENCIA FINANCIERA DE COLOMBIA","NACIONAL","RAMA EJECUTIVA","DESCENTRALIZADO","HACIENDA Y CRÉDITO PÚBLICO","ADSCRITAS","SUPERINTENDENCIA CON PERSONERÍA JURÍDICA","2025","Fuente: Función Pública, Planta, junio 2025","1240","0","0","0","0","0","1240","305","934","1","0","0","0","0","0","0","0","-74.072092","4.710989"
"6345","AGENCIA LOGISTICA DE LAS FUERZAS MILITARES","NACIONAL","RAMA EJECUTIVA","DESCENTRALIZADO","DEFENSA","ADSCRITAS","ESTABLECIMIENTO PÚBLICO","2025","Fuente: Función Pública, Planta, junio 2025","1143","0","0","0","0","0","1143","36","1107","0","0","0","0","0","0","0","0","-74.072092","4.710989"
"6346","COMISION NACIONAL DEL SERVICIO CIVIL","NACIONAL","ORGANOS AUTÓNOMOS","NO APLICA","NO APLICA","NO APLICA","ORGANOS AUTÓNOMOS","2025","Fuente: Función Pública, Planta, junio 2025","143","0","0","0","0","0","143","47","93","3","0","0","0","0","0","0","0","-74.072092","4.710989"
"6362","FONDO ROTATORIO DEL DEPARTAMENTO ADMINISTRATIVO NACIONAL DE ESTADISTICA","NACIONAL","RAMA EJECUTIVA","DESCENTRALIZADO","INFORMACIÓN ESTADÍSTICA","ADSCRITAS","ESTABLECIMIENTO PÚBLICO","2025","Fuente: Función Pública, Planta, junio 2025","0","0","0","0","0","0","0","0","0","0","0","0","0","0","0","0","0","-74.072092","4.710989"
"6363","SERVICIOS POSTALES NACIONALES S.A.","NACIONAL","RAMA EJECUTIVA","DESCENTRALIZADO","TECNOLOGÍAS DE LA INFORMACION Y LAS COMUNICACIONES","VINCULADAS","SOCIEDADES PUBLICAS POR ACCIONES","2025","Fuente: Función Pública, Planta, junio 2025","0","0","0","0","260","0","260","0","0","0","0","0","0","0","260","0","0","-74.072092","4.710989"
"6365","BANCO DE COMERCIO EXTERIOR DE COLOMBIA S.A.","NACIONAL","RAMA EJECUTIVA","DESCENTRALIZADO","HACIENDA Y CRÉDITO PÚBLICO","VINCULADAS","SOCIEDAD DE ECONOMÍA MIXTA","2025","Fuente: Función Pública, Planta, junio 2025","0","0","0","0","494","0","494","0","0","0","0","0","0","0","494","0","0","-74.072092","4.710989"
"6370","CENTRALES ELECTRICAS DE NARIÑO S.A. E.S.P.","NACIONAL","RAMA EJECUTIVA","DESCENTRALIZADO","MINAS Y ENERGIA","VINCULADAS","EMPRESAS DE SERVICIOS PUBLICOS DOMICILIARIOS - MIXTAS","2025","Fuente: Función Pública, Planta, junio 2025","0","0","0","0","579","0","579","0","0","0","0","0","0","0","579","0","0","-77.285787","1.205884"
"6376","ELECTRIFICADORA DEL CAQUETA S.A. E.S.P.","NACIONAL","RAMA EJECUTIVA","DESCENTRALIZADO","MINAS Y ENERGIA","VINCULADAS","EMPRESAS DE SERVICIOS PUBLICOS DOMICILIARIOS - MIXTAS","2025","Fuente: Función Pública, Planta, junio 2025","0","0","0","0","121","0","121","0","0","0","0","0","0","0","121","0","0","-75.604236","1.615386"
"6379","ELECTRIFICADORA DEL HUILA S.A. E.S.P.","NACIONAL","RAMA EJECUTIVA","DESCENTRALIZADO","MINAS Y ENERGIA","VINCULADAS","EMPRESAS DE SERVICIOS PUBLICOS DOMICILIARIOS - MIXTAS","2025","Fuente: Función Pública, Planta, junio 2025","0","0","0","0","379","0","379","0","0","0","0","0","0","0","379","0","0","-75.2809","2.934484"
"6380","ELECTRIFICADORA DEL META S.A. E.S.P.","NACIONAL","RAMA EJECUTIVA","DESCENTRALIZADO","MINAS Y ENERGIA","VINCULADAS","EMPRESAS DE SERVICIOS PUBLICOS DOMICILIARIOS - MIXTAS","2025","Fuente: Función Pública, Planta, junio 2025","0","0","0","0","222","0","222","0","0","0","0","0","0","0","222","0","0","-73.63769","4.151382"
"6389","FIDUCIARIA COLOMBIANA DE COMERCIO EXTERIOR S.A.","NACIONAL","RAMA EJECUTIVA","DESCENTRALIZADO","HACIENDA Y CRÉDITO PÚBLICO","VINCULADAS","SOCIEDAD DE ECONOMÍA MIXTA","2025","Fuente: Función Pública, Planta, junio 2025","0","0","0","0","162","0","162","0","0","0","0","0","0","0","162","0","0","-74.072092","4.710989"
"6391","FONDO ROTATORIO DEL MINISTERIO DE RELACIONES EXTERIORES","NACIONAL","RAMA EJECUTIVA","DESCENTRALIZADO","RELACIONES EXTERIORES","ADSCRITAS","UNIDAD ADMINISTRATIVA ESPECIAL CON PERSONERÍA JURÍDICA","2025","Fuente: Función Pública, Planta, junio 2025","0","0","0","0","0","0","0","0","0","0","0","0","0","0","0","0","0","-74.072092","4.710989"
"6392","FONDO DE FOMENTO DE LA ECONOMIA SOLIDARIA","NACIONAL","RAMA EJECUTIVA","DESCENTRALIZADO","TRABAJO","NO APLICA","ÚNICA","2025","Fuente: Función Pública, Planta, junio 2025","0","0","0","0","0","0","0","0","0","0","0","0","0","0","0","0","0","-74.072092","4.710989"
"6393","FONDO NACIONAL DE VIVIENDA","NACIONAL","RAMA EJECUTIVA","DESCENTRALIZADO","VIVIENDA CIUDAD Y TERRITORIO","ADSCRITAS","ESPECIAL","2025","Fuente: Función Pública, Planta, junio 2025","0","0","0","0","0","0","0","0","0","0","0","0","0","0","0","0","0","-74.072092","4.710989"
"6396","INSTITUTO DE INVESTIGACION DE RECURSOS BIOLOGICOS ALEXANDER VON HUMBOLDT","NACIONAL","RAMA EJECUTIVA","DESCENTRALIZADO","AMBIENTE Y DESARROLLO SOSTENIBLE","VINCULADAS","INSTITUTO CIENTÍFICO Y TECNOLOGICO","2025","Fuente: Función Pública, Planta, junio 2025","0","0","0","0","327","0","327","0","0","0","0","0","0","0","327","0","0","-74.072092","4.710989"
"6397","INSTITUTO DE INVESTIGACIONES AMBIENTALES DEL PACIFICO JOHN VON NEUMANN","NACIONAL","RAMA EJECUTIVA","DESCENTRALIZADO","AMBIENTE Y DESARROLLO SOSTENIBLE","VINCULADAS","INSTITUTO CIENTÍFICO Y TECNOLOGICO","2025","Fuente: Función Pública, Planta, junio 2025","0","0","0","0","79","0","79","0","0","0","0","0","0","0","79","0","0","-76.649812","5.695633"
"6399","INSTITUTO DE INVESTIGACIONES MARINAS Y COSTERAS JOSE BENITO VIVES DE ANDREIS","NACIONAL","RAMA EJECUTIVA","DESCENTRALIZADO","AMBIENTE Y DESARROLLO SOSTENIBLE","VINCULADAS","INSTITUTO CIENTÍFICO Y TECNOLOGICO","2025","Fuente: Función Pública, Planta, junio 2025","0","0","0","0","298","0","298","0","0","0","0","0","0","0","298","0","0","-74.211023","11.240355"
"6400","INTERCONEXION ELECTRICA S.A. E.S.P.","NACIONAL","RAMA EJECUTIVA","DESCENTRALIZADO","MINAS Y ENERGIA","VINCULADAS","EMPRESAS DE SERVICIOS PUBLICOS DOMICILIARIOS - MIXTAS","2025","Fuente: Función Pública, Planta, junio 2025","0","0","0","0","3880","0","3880","0","0","0","0","0","0","0","3880","0","0","-75.564574","6.2530471"
"6404","INSTITUTO AMAZONICO DE INVESTIGACIONES CIENTIFICAS","NACIONAL","RAMA EJECUTIVA","DESCENTRALIZADO","AMBIENTE Y DESARROLLO SOSTENIBLE","VINCULADAS","INSTITUTO CIENTÍFICO Y TECNOLOGICO","2025","Fuente: Función Pública, Planta, junio 2025","0","0","0","0","86","0","86","0","0","0","0","0","0","0","86","0","0","-74.072092","4.710989"
"6406","EMPRESA URRA S.A. E.S.P.","NACIONAL","RAMA EJECUTIVA","DESCENTRALIZADO","MINAS Y ENERGIA","VINCULADAS","EMPRESAS DE SERVICIOS PUBLICOS DOMICILIARIOS - MIXTAS","2025","Fuente: Función Pública, Planta, junio 2025","0","0","0","0","31","0","31","0","0","0","0","0","0","0","31","0","0","-75.878535","8.750983"
"6407","FONDO ROTATORIO DEL DEPARTAMENTO ADMINISTRATIVO DE SEGURIDAD","NACIONAL","RAMA EJECUTIVA","DESCENTRALIZADO","INTELIGENCIA ESTRATÉGICA Y DE CONTRAINTELIGENCIA","ADSCRITAS","ESTABLECIMIENTO PÚBLICO","2025","Fuente: Función Pública, Planta, junio 2025","0","0","0","0","0","0","0","0","0","0","0","0","0","0","0","0","0","-74.072092","4.710989"
"6409","FONDO PARA LA PARTICIPACION Y EL FORTALECIMIENTO DE LA DEMOCRACIA","NACIONAL","RAMA EJECUTIVA","DESCENTRALIZADO","INTERIOR","ADSCRITAS","ESTABLECIMIENTO PÚBLICO","2025","Fuente: Función Pública, Planta, junio 2025","0","0","0","0","0","0","0","0","0","0","0","0","0","0","0","0","0","-74.072092","4.710989"
"6412","CORPORACION COLOMBIA INTERNACIONAL.","NACIONAL","RAMA EJECUTIVA","DESCENTRALIZADO","AGROPECUARIO PESQUERO Y DE DESARROLLO RURAL","VINCULADAS","SOCIEDAD DE ECONOMÍA MIXTA","2025","Fuente: Función Pública, Planta, junio 2025","0","0","0","0","15","0","15","0","0","0","0","0","0","0","15","0","0","-74.072092","4.710989"
"6414","CAJA DE COMPENSACION FAMILIAR CAMPESINA.","NACIONAL","RAMA EJECUTIVA","DESCENTRALIZADO","AGROPECUARIO PESQUERO Y DE DESARROLLO RURAL","VINCULADAS","CORPORACIÓN DE SUBSIDIO FAMILIAR","2025","Fuente: Función Pública, Planta, junio 2025","0","0","0","0","95","0","95","0","0","0","0","0","0","0","95","0","0","-74.072092","4.710989"
"6418","CORPORACION COLOMBIANA DE INVESTIGACION AGROPECUARIA","NACIONAL","RAMA EJECUTIVA","DESCENTRALIZADO","AGROPECUARIO PESQUERO Y DE DESARROLLO RURAL","VINCULADAS","SOCIEDAD DE ECONOMÍA MIXTA","2025","Fuente: Función Pública, Planta, junio 2025","0","0","0","0","1884","0","1884","0","0","0","0","0","0","0","1884","0","0","-74.072092","4.710989"
"6421","FONDO PARA EL FINANCIAMIENTO DEL SECTOR AGROPECUARIO.","NACIONAL","RAMA EJECUTIVA","DESCENTRALIZADO","HACIENDA Y CRÉDITO PÚBLICO","VINCULADAS","SOCIEDAD DE ECONOMÍA MIXTA","2025","Fuente: Función Pública, Planta, junio 2025","0","0","0","0","250","0","250","0","0","0","0","0","0","0","250","0","0","-74.072092","4.710989"
"6423","EMPRESA COLOMBIANA DE PRODUCTOS VETERINARIOS VECOL S.A..","NACIONAL","RAMA EJECUTIVA","DESCENTRALIZADO","AGROPECUARIO PESQUERO Y DE DESARROLLO RURAL","VINCULADAS","SOCIEDAD DE ECONOMÍA MIXTA","2025","Fuente: Función Pública, Planta, junio 2025","0","0","0","0","327","0","327","0","0","0","0","0","0","0","327","0","0","-74.072092","4.710989"
"6424","FONDO UNICO DE TECNOLOGIAS DE LA INFORMACION Y LAS COMUNICACIONES","NACIONAL","RAMA EJECUTIVA","DESCENTRALIZADO","TECNOLOGÍAS DE LA INFORMACION Y LAS COMUNICACIONES","ADSCRITAS","UNIDAD ADMINISTRATIVA ESPECIAL CON PERSONERÍA JURÍDICA","2025","Fuente: Función Pública, Planta, junio 2025","0","0","0","0","0","0","0","0","0","0","0","0","0","0","0","0","0","-74.072092","4.710989"
"6425","FONDO DE DESARROLLO DE LA EDUCACION SUPERIOR","NACIONAL","RAMA EJECUTIVA","DESCENTRALIZADO","EDUCACIÓN","VINCULADAS","SOCIEDAD DE ECONOMÍA MIXTA","2025","Fuente: Función Pública, Planta, junio 2025","0","0","0","0","23","0","23","0","0","0","0","0","0","0","23","0","0","-74.072092","4.710989"
"6461","CENTRALES ELECTRICAS DEL CAUCA S.A. E.S.P.","NACIONAL","RAMA EJECUTIVA","DESCENTRALIZADO","MINAS Y ENERGIA","VINCULADAS","EMPRESAS DE SERVICIOS PUBLICOS DOMICILIARIOS - MIXTAS","2025","Fuente: Función Pública, Planta, junio 2025","0","0","0","0","28","0","28","0","0","0","0","0","0","0","28","0","0","-76.614739","2.444814"
"6468","POSITIVA COMPAÑIA DE SEGUROS S.A.","NACIONAL","RAMA EJECUTIVA","DESCENTRALIZADO","HACIENDA Y CRÉDITO PÚBLICO","VINCULADAS","SOCIEDAD DE ECONOMÍA MIXTA","2025","Fuente: Función Pública, Planta, junio 2025","62","0","0","781","0","0","843","62","0","0","0","0","0","781","0","0","0","-74.072092","4.710989"
"7335","CORPORACION PARA EL DESARROLLO DE LAS MICROEMPRESAS","NACIONAL","RAMA EJECUTIVA","DESCENTRALIZADO","COMERCIO INDUSTRIA Y TURISMO","ADSCRITAS","SOCIEDAD DE ECONOMÍA MIXTA","2025","Fuente: Función Pública, Planta, junio 2025","0","0","0","0","8","0","8","0","0","0","0","0","0","0","8","0","0","-74.072092","4.710989"
"7342","SOCIEDAD DE ACTIVOS ESPECIALES S.A.S.","NACIONAL","RAMA EJECUTIVA","DESCENTRALIZADO","HACIENDA Y CRÉDITO PÚBLICO","VINCULADAS","ESPECIAL","2025","Fuente: Función Pública, Planta, junio 2025","2","0","0","0","448","0","450","2","0","0","0","0","0","0","448","0","0","-74.072092","4.710989"
"8000","ADMINISTRADORA COLOMBIANA DE PENSIONES","NACIONAL","RAMA EJECUTIVA","DESCENTRALIZADO","TRABAJO","VINCULADAS","EMPRESAS INDUSTRIALES Y COMERCIALES DEL ESTADO","2025","Fuente: Función Pública, Planta, junio 2025","3","0","0","2491","0","0","2494","3","0","0","0","0","0","2491","0","0","0","-74.072092","4.710989"
"8001","AGENCIA NACIONAL DEL ESPECTRO","NACIONAL","RAMA EJECUTIVA","DESCENTRALIZADO","TECNOLOGÍAS DE LA INFORMACION Y LAS COMUNICACIONES","ADSCRITAS","UNIDAD ADMINISTRATIVA ESPECIAL CON PERSONERÍA JURÍDICA","2025","Fuente: Función Pública, Planta, junio 2025","82","0","0","0","0","0","82","32","50","0","0","0","0","0","0","0","0","-74.072092","4.710989"
"8002","UNIDAD ADMINISTRATIVA ESPECIAL DE GESTION PENSIONAL Y CONTRIBUCIONES PARAFISCALES DE LA PROTECCION SOCIAL","NACIONAL","RAMA EJECUTIVA","DESCENTRALIZADO","HACIENDA Y CRÉDITO PÚBLICO","ADSCRITAS","UNIDAD ADMINISTRATIVA ESPECIAL CON PERSONERÍA JURÍDICA","2025","Fuente: Función Pública, Planta, junio 2025","836","255","0","0","0","0","1091","47","789","0","255","0","0","0","0","0","0","-74.072092","4.710989"
"8003","MINISTERIO DE AMBIENTE Y DESARROLLO SOSTENIBLE","NACIONAL","RAMA EJECUTIVA","CENTRAL","AMBIENTE Y DESARROLLO SOSTENIBLE","CABEZA","MINISTERIO","2025","Fuente: Función Pública, Planta, junio 2025","378","0","0","0","0","0","378","46","332","0","0","0","0","0","0","0","0","-74.072092","4.710989"
"8004","MINISTERIO DE VIVIENDA, CIUDAD Y TERRITORIO","NACIONAL","RAMA EJECUTIVA","CENTRAL","VIVIENDA CIUDAD Y TERRITORIO","CABEZA","MINISTERIO","2025","Fuente: Función Pública, Planta, junio 2025","420","0","1","0","0","0","421","86","335","0","0","0","0","0","0","0","0","-74.072092","4.710989"
"8005","MINISTERIO DE JUSTICIA Y DEL DERECHO","NACIONAL","RAMA EJECUTIVA","CENTRAL","JUSTICIA Y DEL DERECHO","CABEZA","MINISTERIO","2025","Fuente: Función Pública, Planta, junio 2025","354","0","0","0","0","0","354","82","272","0","0","0","0","0","0","0","0","-74.072092","4.710989"
"8006","MINISTERIO DE SALUD Y PROTECCION SOCIAL","NACIONAL","RAMA EJECUTIVA","CENTRAL","SALUD Y PROTECCIÓN SOCIAL","CABEZA","MINISTERIO","2025","Fuente: Función Pública, Planta, junio 2025","728","0","0","0","0","0","728","124","604","0","0","0","0","0","0","0","0","-74.072092","4.710989"
"8007","MINISTERIO DEL TRABAJO","NACIONAL","RAMA EJECUTIVA","NO APLICA","TRABAJO","NO APLICA","MINISTERIO","2025","Fuente: Función Pública, Planta, junio 2025","2272","0","0","0","0","0","2272","100","2172","0","0","0","0","0","0","0","0","-74.072092","4.710989"
"8008","MINISTERIO DEL INTERIOR","NACIONAL","RAMA EJECUTIVA","CENTRAL","INTERIOR","CABEZA","MINISTERIO","2025","Fuente: Función Pública, Planta, junio 2025","422","0","0","0","0","0","422","94","328","0","0","0","0","0","0","0","0","-74.072092","4.710989"
"8009","DIRECCION GENERAL MARITIMA 1","NACIONAL","RAMA EJECUTIVA","CENTRAL","DEFENSA","VINCULADAS","ESPECIAL","2025","Fuente: Función Pública, Planta, junio 2025","394","0","0","0","0","0","394","371","23","0","0","0","0","0","0","0","0","-74.072092","4.710989"
"8010","UNIDAD ADMINISTRATIVA ESPECIAL DE LA JUSTICIA PENAL  MILITAR Y POLICIAL","NACIONAL","RAMA EJECUTIVA","CENTRAL","DEFENSA","ADSCRITAS","UNIDAD ADMINISTRATIVA ESPECIAL CON PERSONERÍA JURÍDICA","2025","Fuente: Función Pública, Planta, junio 2025","635","0","219","0","0","0","854","311","531","12","0","0","0","0","0","0","0","-74.072092","4.710989"
"8011","COMANDO GENERAL DE LAS FUERZAS MILITARES 1","NACIONAL","RAMA EJECUTIVA","CENTRAL","DEFENSA","NO APLICA","ESPECIAL","2025","Fuente: Función Pública, Planta, junio 2025","391","0","0","0","0","0","391","279","112","0","0","0","0","0","0","0","0","-74.072092","4.710989"
"8012","DIRECCION GENERAL DE SANIDAD MILITAR 1","NACIONAL","RAMA EJECUTIVA","CENTRAL","DEFENSA","NO APLICA","ESPECIAL","2025","Fuente: Función Pública, Planta, junio 2025","1578","0","0","0","0","0","1578","1241","337","0","0","0","0","0","0","0","0","-74.072092","4.710989"
"8013","EJERCITO NACIONAL DE COLOMBIA 1","NACIONAL","RAMA EJECUTIVA","CENTRAL","DEFENSA","NO APLICA","ESPECIAL","2025","Fuente: Función Pública, Planta, junio 2025","5864","0","0","0","0","0","5864","4056","1808","0","0","0","0","0","0","0","0","-74.072092","4.710989"
"8014","ARMADA NACIONAL","NACIONAL","RAMA EJECUTIVA","CENTRAL","DEFENSA","NO APLICA","ESPECIAL","2025","Fuente: Función Pública, Planta, junio 2025","2250","0","0","0","0","0","2250","1636","614","0","0","0","0","0","0","0","0","-74.072092","4.710989"
"8015","FUERZA AEROESPACIAL COLOMBIANA","NACIONAL","RAMA EJECUTIVA","CENTRAL","DEFENSA","NO APLICA","ESPECIAL","2025","Fuente: Función Pública, Planta, junio 2025","2849","0","0","0","0","0","2849","2301","548","0","0","0","0","0","0","0","0","-74.072092","4.710989"
"8016","DIRECCION GENERAL DE LA POLICIA NACIONAL 1","NACIONAL","RAMA EJECUTIVA","CENTRAL","DEFENSA","NO APLICA","ESPECIAL","2025","Fuente: Función Pública, Planta, junio 2025","3244","0","0","0","0","0","3244","1757","1487","0","0","0","0","0","0","0","0","-74.072092","4.710989"
"8017","DIRECCION DE BIENESTAR SOCIAL","NACIONAL","RAMA EJECUTIVA","CENTRAL","DEFENSA","NO APLICA","ESPECIAL","2025","Fuente: Función Pública, Planta, junio 2025","1094","0","0","0","0","0","1094","758","336","0","0","0","0","0","0","0","0","-74.072092","4.710989"
"8018","DIRECCION DE SANIDAD DE LA POLICIA NACIONAL","NACIONAL","RAMA EJECUTIVA","CENTRAL","DEFENSA","NO APLICA","ESPECIAL","2025","Fuente: Función Pública, Planta, junio 2025","1321","0","0","0","0","0","1321","1050","271","0","0","0","0","0","0","0","0","-74.072092","4.710989"
"8019","PARQUES NACIONALES NATURALES DE COLOMBIA","NACIONAL","RAMA EJECUTIVA","CENTRAL","AMBIENTE Y DESARROLLO SOSTENIBLE","ADSCRITAS","UNIDAD ADMINISTRATIVA ESPECIAL SIN PERSONERÍA JURÍDICA","2025","Fuente: Función Pública, Planta, junio 2025","660","0","0","0","0","0","660","22","638","0","0","0","0","0","0","0","0","-74.072092","4.710989"
"8020","AUTORIDAD NACIONAL DE LICENCIAS AMBIENTALES","NACIONAL","RAMA EJECUTIVA","CENTRAL","AMBIENTE Y DESARROLLO SOSTENIBLE","ADSCRITAS","UNIDAD ADMINISTRATIVA ESPECIAL SIN PERSONERÍA JURÍDICA","2025","Fuente: Función Pública, Planta, junio 2025","499","0","0","0","0","0","499","54","445","0","0","0","0","0","0","0","0","-74.072092","4.710989"
"8021","UNIDAD ADMINISTRATIVA ESPECIAL MIGRACION COLOMBIA","NACIONAL","RAMA EJECUTIVA","DESCENTRALIZADO","RELACIONES EXTERIORES","ADSCRITAS","UNIDAD ADMINISTRATIVA ESPECIAL CON PERSONERÍA JURÍDICA","2025","Fuente: Función Pública, Planta, junio 2025","2265","0","0","0","0","0","2265","160","2105","0","0","0","0","0","0","0","0","-74.072092","4.710989"
"8022","UNIDAD NACIONAL DE PROTECCION","NACIONAL","RAMA EJECUTIVA","DESCENTRALIZADO","INTERIOR","ADSCRITAS","UNIDAD ADMINISTRATIVA ESPECIAL CON PERSONERÍA JURÍDICA","2025","Fuente: Función Pública, Planta, junio 2025","2044","1170","0","0","0","0","3214","1319","725","0","1170","0","0","0","0","0","0","-74.072092","4.710989"
"8023","AGENCIA NACIONAL DE DEFENSA JURIDICA DEL ESTADO","NACIONAL","RAMA EJECUTIVA","DESCENTRALIZADO","JUSTICIA Y DEL DERECHO","ADSCRITAS","UNIDAD ADMINISTRATIVA ESPECIAL CON PERSONERÍA JURÍDICA","2025","Fuente: Función Pública, Planta, junio 2025","260","0","0","0","0","0","260","108","152","0","0","0","0","0","0","0","0","-74.072092","4.710989"
"8024","AGENCIA NACIONAL DE MINERIA","NACIONAL","RAMA EJECUTIVA","DESCENTRALIZADO","MINAS Y ENERGIA","ADSCRITAS","AGENCIA ESTATAL DE NATURALEZA ESPECIAL","2025","Fuente: Función Pública, Planta, junio 2025","393","0","0","0","0","0","393","24","369","0","0","0","0","0","0","0","0","-74.072092","4.710989"
"8025","AGENCIA PARA LA REINCORPORACION Y LA NORMALIZACION","NACIONAL","RAMA EJECUTIVA","DESCENTRALIZADO","PRESIDENCIA DE LA REPÚBLICA","ADSCRITAS","UNIDAD ADMINISTRATIVA ESPECIAL CON PERSONERÍA JURÍDICA","2025","Fuente: Función Pública, Planta, junio 2025","426","0","0","0","0","0","426","60","366","0","0","0","0","0","0","0","0","-74.072092","4.710989"
"8026","ADMINISTRADORA DEL MONOPOLIO RENTISTICO DE LOS JUEGOS DE SUERTE Y AZAR","NACIONAL","RAMA EJECUTIVA","DESCENTRALIZADO","HACIENDA Y CRÉDITO PÚBLICO","VINCULADAS","EMPRESAS INDUSTRIALES Y COMERCIALES DEL ESTADO","2025","Fuente: Función Pública, Planta, junio 2025","2","0","0","194","0","0","196","2","0","0","0","0","0","194","0","0","0","-74.072092","4.710989"
"8027","UNIDAD DE PLANIFICACION DE TIERRAS RURALES, ADECUACION DE TIERRAS Y USOS AGROPECUARIOS","NACIONAL","RAMA EJECUTIVA","CENTRAL","AGROPECUARIO PESQUERO Y DE DESARROLLO RURAL","ADSCRITAS","UNIDAD ADMINISTRATIVA ESPECIAL SIN PERSONERÍA JURÍDICA","2025","Fuente: Función Pública, Planta, junio 2025","67","0","0","0","0","0","67","15","52","0","0","0","0","0","0","0","0","-74.072092","4.710989"
"8028","UNIDAD NACIONAL PARA LA GESTION DEL RIESGO DE DESASTRES","NACIONAL","RAMA EJECUTIVA","DESCENTRALIZADO","PRESIDENCIA DE LA REPÚBLICA","ADSCRITAS","UNIDAD ADMINISTRATIVA ESPECIAL CON PERSONERÍA JURÍDICA","2025","Fuente: Función Pública, Planta, junio 2025","102","0","0","0","0","0","102","16","86","0","0","0","0","0","0","0","0","-74.072092","4.710989"
"8029","UNIDAD DE SERVICIOS PENITENCIARIOS Y CARCELARIOS","NACIONAL","RAMA EJECUTIVA","DESCENTRALIZADO","JUSTICIA Y DEL DERECHO","ADSCRITAS","UNIDAD ADMINISTRATIVA ESPECIAL CON PERSONERÍA JURÍDICA","2025","Fuente: Función Pública, Planta, junio 2025","508","0","0","0","0","0","508","21","487","0","0","0","0","0","0","0","0","-74.072092","4.710989"
"8030","DEPARTAMENTO ADMINISTRATIVO PARA LA PROSPERIDAD SOCIAL","NACIONAL","RAMA EJECUTIVA","CENTRAL","INCLUSION SOCIAL Y RECONCILIACION","CABEZA","DEPARTAMENTO ADMINISTRATIVO","2025","Fuente: Función Pública, Planta, junio 2025","1459","0","0","0","0","0","1459","84","1375","0","0","0","0","0","0","0","0","-74.072092","4.710989"
"8033","AGENCIA NACIONAL DE CONTRATACION PUBLICA -COLOMBIA COMPRA EFICIENTE-","NACIONAL","RAMA EJECUTIVA","DESCENTRALIZADO","PLANEACIÓN","ADSCRITAS","UNIDAD ADMINISTRATIVA ESPECIAL CON PERSONERÍA JURÍDICA","2025","Fuente: Función Pública, Planta, junio 2025","142","0","0","0","0","0","142","20","122","0","0","0","0","0","0","0","0","-74.072092","4.710989"
"8034","UNIDAD DE PROYECCION NORMATIVA Y ESTUDIOS DE REGULACION FINANCIERA","NACIONAL","RAMA EJECUTIVA","CENTRAL","HACIENDA Y CRÉDITO PÚBLICO","ADSCRITAS","UNIDAD ADMINISTRATIVA ESPECIAL SIN PERSONERÍA JURÍDICA","2025","Fuente: Función Pública, Planta, junio 2025","58","0","0","0","0","0","58","39","19","0","0","0","0","0","0","0","0","-74.072092","4.710989"
"8035","AGENCIA DEL INSPECTOR GENERAL DE TRIBUTOS, RENTAS Y CONTRIBUCIONES PARAFISCALES","NACIONAL","RAMA EJECUTIVA","CENTRAL","HACIENDA Y CRÉDITO PÚBLICO","ADSCRITAS","UNIDAD ADMINISTRATIVA ESPECIAL SIN PERSONERÍA JURÍDICA","2025","Fuente: Función Pública, Planta, junio 2025","121","0","0","0","0","0","121","13","108","0","0","0","0","0","0","0","0","-74.072092","4.710989"
"8036","INSTITUTO NACIONAL DE METROLOGIA","NACIONAL","RAMA EJECUTIVA","DESCENTRALIZADO","COMERCIO INDUSTRIA Y TURISMO","ADSCRITAS","UNIDAD ADMINISTRATIVA ESPECIAL CON PERSONERÍA JURÍDICA","2025","Fuente: Función Pública, Planta, junio 2025","145","0","0","0","0","0","145","13","132","0","0","0","0","0","0","0","0","-74.072092","4.710989"
"8037","AUTORIDAD NACIONAL DE ACUICULTURA Y PESCA","NACIONAL","RAMA EJECUTIVA","DESCENTRALIZADO","AGROPECUARIO PESQUERO Y DE DESARROLLO RURAL","ADSCRITAS","UNIDAD ADMINISTRATIVA ESPECIAL CON PERSONERÍA JURÍDICA","2025","Fuente: Función Pública, Planta, junio 2025","128","0","0","0","0","0","128","23","105","0","0","0","0","0","0","0","0","-74.072092","4.710989"
"8038","MINISTERIO DEL DEPORTE","NACIONAL","RAMA EJECUTIVA","CENTRAL","DEPORTE","CABEZA","MINISTERIO","2025","Fuente: Función Pública, Planta, junio 2025","180","0","0","0","0","0","180","21","159","0","0","0","0","0","0","0","0","-74.072092","4.710989"
"8039","AGENCIA NACIONAL INMOBILIARIA VIRGILIO BARCO VARGAS","NACIONAL","RAMA EJECUTIVA","DESCENTRALIZADO","PRESIDENCIA DE LA REPÚBLICA","ADSCRITAS","AGENCIA ESTATAL DE NATURALEZA ESPECIAL","2025","Fuente: Función Pública, Planta, junio 2025","20","0","0","0","0","0","20","11","9","0","0","0","0","0","0","0","0","-74.072092","4.710989"
"8040","FONDO ADAPTACION","NACIONAL","RAMA EJECUTIVA","DESCENTRALIZADO","HACIENDA Y CRÉDITO PÚBLICO","ADSCRITAS","ESTABLECIMIENTO PÚBLICO","2025","Fuente: Función Pública, Planta, junio 2025","21","0","67","0","0","0","88","55","33","0","0","0","0","0","0","0","0","-74.072092","4.710989"
"8041","UNIDAD ADMINISTRATIVA ESPECIAL PARA LA ATENCION Y REPARACION INTEGRAL A LAS VICTIMAS","NACIONAL","RAMA EJECUTIVA","DESCENTRALIZADO","INCLUSION SOCIAL Y RECONCILIACION","ADSCRITAS","UNIDAD ADMINISTRATIVA ESPECIAL CON PERSONERÍA JURÍDICA","2025","Fuente: Función Pública, Planta, junio 2025","857","0","0","0","0","0","857","55","802","0","0","0","0","0","0","0","0","-74.072092","4.710989"
"8042","CENTRO DE MEMORIA HISTORICA","NACIONAL","RAMA EJECUTIVA","DESCENTRALIZADO","INCLUSION SOCIAL Y RECONCILIACION","ADSCRITAS","ESTABLECIMIENTO PÚBLICO","2025","Fuente: Función Pública, Planta, junio 2025","71","0","0","0","0","0","71","17","54","0","0","0","0","0","0","0","0","-74.072092","4.710989"
"8043","DEPARTAMENTO ADMINISTRATIVO DIRECCION NACIONAL DE INTELIGENCIA","NACIONAL","RAMA EJECUTIVA","CENTRAL","INTELIGENCIA ESTRATÉGICA Y DE CONTRAINTELIGENCIA","CABEZA","DEPARTAMENTO ADMINISTRATIVO","2025","Fuente: Función Pública, Planta, junio 2025","556","0","0","0","0","0","556","556","0","0","0","0","0","0","0","0","0","-74.072092","4.710989"
"8044","AGENCIA PRESIDENCIAL DE COOPERACION INTERNACIONAL DE COLOMBIA","NACIONAL","RAMA EJECUTIVA","DESCENTRALIZADO","PRESIDENCIA DE LA REPÚBLICA","ADSCRITAS","UNIDAD ADMINISTRATIVA ESPECIAL CON PERSONERÍA JURÍDICA","2025","Fuente: Función Pública, Planta, junio 2025","83","0","0","0","0","0","83","22","61","0","0","0","0","0","0","0","0","-74.072092","4.710989"
"8045","UNIDAD ADMINISTRATIVA ESPECIAL FONDO NACIONAL DE ESTUPEFACIENTES","NACIONAL","RAMA EJECUTIVA","CENTRAL","SALUD Y PROTECCIÓN SOCIAL","REGIONAL/DEPENDENCIA","UNIDAD ADMINISTRATIVA ESPECIAL SIN PERSONERÍA JURÍDICA","2025","Fuente: Función Pública, Planta, junio 2025","23","0","0","0","0","0","23","7","16","0","0","0","0","0","0","0","0","-74.072092","4.710989"
"8047","SOCIEDAD FIDUCIARIA DE DESARROLLO AGROPECUARIO S.A.","NACIONAL","RAMA EJECUTIVA","DESCENTRALIZADO","HACIENDA Y CRÉDITO PÚBLICO","VINCULADAS","SOCIEDAD DE ECONOMÍA MIXTA","2025","Fuente: Función Pública, Planta, junio 2025","1","0","0","281","0","0","282","1","0","0","0","0","0","281","0","0","0","-74.072092","4.710989"
"8050","CORPORACION DE CIENCIA Y TECNOLOGIA PARA EL DESARROLLO DE LA INDUSTRIA NAVAL","NACIONAL","RAMA EJECUTIVA","DESCENTRALIZADO","DEFENSA","ADSCRITAS","SOCIEDAD DE ECONOMÍA MIXTA","2025","Fuente: Función Pública, Planta, junio 2025","0","0","0","0","1276","0","1276","0","0","0","0","0","0","0","1276","0","0","-74.072092","4.710989"
"8054","CENTRAL DE ABASTOS DE CUCUTA S.A. EN LIQUIDACIÓN","NACIONAL","RAMA EJECUTIVA","DESCENTRALIZADO","AGROPECUARIO PESQUERO Y DE DESARROLLO RURAL","VINCULADAS","SOCIEDAD DE ECONOMÍA MIXTA","2025","Fuente: Función Pública, Planta, junio 2025","0","0","0","0","9","0","9","0","0","0","0","0","0","0","9","0","0","-72.49669","7.889097"
"8062","UNIDAD ADMINISTRATIVA ESPECIAL DE GESTION DE RESTITUCION DE TIERRAS DESPOJADAS","NACIONAL","RAMA EJECUTIVA","DESCENTRALIZADO","AGROPECUARIO PESQUERO Y DE DESARROLLO RURAL","ADSCRITAS","UNIDAD ADMINISTRATIVA ESPECIAL CON PERSONERÍA JURÍDICA","2025","Fuente: Función Pública, Planta, junio 2025","503","0","0","0","0","0","503","35","468","0","0","0","0","0","0","0","0","-74.072092","4.710989"
"8063","DIRECCION DE COMERCIO EXTERIOR","NACIONAL","RAMA EJECUTIVA","CENTRAL","COMERCIO INDUSTRIA Y TURISMO","ADSCRITAS","ESPECIAL","2025","Fuente: Función Pública, Planta, junio 2025","0","0","0","0","0","0","0","0","0","0","0","0","0","0","0","0","0","-74.072092","4.710989"
"8064","UNIDAD ADMINISTRATIVA ESPECIAL MUSEO NACIONAL","NACIONAL","RAMA EJECUTIVA","CENTRAL","CULTURA","NO APLICA","UNIDAD ADMINISTRATIVA ESPECIAL SIN PERSONERÍA JURÍDICA","2025","Fuente: Función Pública, Planta, junio 2025","0","0","0","0","0","0","0","0","0","0","0","0","0","0","0","0","0","-74.072092","4.710989"
"8065","UNIDAD ADMINISTRATIVA ESPECIAL BIBLIOTECA NACIONAL","NACIONAL","RAMA EJECUTIVA","NO APLICA","CULTURA","NO APLICA","UNIDAD ADMINISTRATIVA ESPECIAL SIN PERSONERÍA JURÍDICA","2025","Fuente: Función Pública, Planta, junio 2025","0","0","0","0","0","0","0","0","0","0","0","0","0","0","0","0","0","-74.072092","4.710989"
"8066","CONSEJO SUPERIOR DE LA JUDICATURA","NACIONAL","RAMA JUDICIAL","NO APLICA","NO APLICA","NO APLICA","CONSEJO SUPERIOR DE LA JUDICATURA","2025","Fuente: Función Pública, Planta, junio 2025","653","0","0","0","0","0","653","153","500","0","0","0","0","0","0","0","0","-74.072092","4.710989"
"8072","EMPRESA DISTRIBUIDORA DEL PACIFICO S.A. E.S.P.","NACIONAL","RAMA EJECUTIVA","DESCENTRALIZADO","MINAS Y ENERGIA","VINCULADAS","EMPRESAS DE SERVICIOS PUBLICOS DOMICILIARIOS - MIXTAS","2025","Fuente: Función Pública, Planta, junio 2025","0","0","0","0","7","0","7","0","0","0","0","0","0","0","7","0","0","-76.649812","5.695633"
"8074","GENERADORA Y COMERCIALIZADORA DE ENERGIA DEL CARIBE S.A. E.S.P.","NACIONAL","RAMA EJECUTIVA","DESCENTRALIZADO","MINAS Y ENERGIA","VINCULADAS","EMPRESAS DE SERVICIOS PUBLICOS DOMICILIARIOS - MIXTAS","2025","Fuente: Función Pública, Planta, junio 2025","0","0","0","0","432","0","432","0","0","0","0","0","0","0","432","0","0","-74.806981","11.004107"
"8075","GESTION ENERGETICA S.A. E.S.P.","NACIONAL","RAMA EJECUTIVA","DESCENTRALIZADO","MINAS Y ENERGIA","VINCULADAS","EMPRESAS DE SERVICIOS PUBLICOS DOMICILIARIOS - MIXTAS","2025","Fuente: Función Pública, Planta, junio 2025","0","0","0","0","258","0","258","0","0","0","0","0","0","0","258","0","0","-75.513817","5.070275"
"8077","INSTITUTO DE ESTUDIOS DEL MINISTERIO PUBLICO","NACIONAL","ORGANOS DE CONTROL","NO APLICA","NO APLICA","NO APLICA","UNIDAD ADMINISTRATIVA ESPECIAL DE CARACTER ACADÉMICO","2025","Fuente: Función Pública, Planta, junio 2025","0","0","0","0","0","0","0","0","0","0","0","0","0","0","0","0","0","-74.072092","4.710989"
"8083","CORTE SUPREMA DE JUSTICIA","NACIONAL","RAMA JUDICIAL","NO APLICA","NO APLICA","NO APLICA","CORTE SUPREMA DE JUSTICIA","2025","Fuente: Función Pública, Planta, junio 2025","30800","0","0","0","0","0","30800","800","30000","0","0","0","0","0","0","0","0","-74.072092","4.710989"
"8110","DIRECCION NACIONAL DE BOMBEROS","NACIONAL","RAMA EJECUTIVA","DESCENTRALIZADO","INTERIOR","ADSCRITAS","UNIDAD ADMINISTRATIVA ESPECIAL CON PERSONERÍA JURÍDICA","2025","Fuente: Función Pública, Planta, junio 2025","29","0","0","0","0","0","29","8","21","0","0","0","0","0","0","0","0","-74.072092","4.710989"
"8112","UNIDAD ADMINISTRATIVA ESPECIAL DEL SERVICIO PUBLICO DE EMPLEO","NACIONAL","RAMA EJECUTIVA","DESCENTRALIZADO","TRABAJO","ADSCRITAS","UNIDAD ADMINISTRATIVA ESPECIAL CON PERSONERÍA JURÍDICA","2025","Fuente: Función Pública, Planta, junio 2025","70","0","0","0","0","0","70","15","55","0","0","0","0","0","0","0","0","-74.072092","4.710989"
"8113","INSTITUCION UNIVERSITARIA CONOCIMIENTO E INNOVACION PARA LA JUSTICIA","NACIONAL","RAMA JUDICIAL","NO APLICA","NO APLICA","NO APLICA","ESTABLECIMIENTO PÚBLICO","2025","Fuente: Función Pública, Planta, junio 2025","65","0","0","0","0","26","91","15","50","0","0","0","26","0","0","0","0","-74.072092","4.710989"
"8114","DIRECCIÓN DE VETERANOS Y REHABÍLÍTACIÓN INCLUSIVA","NACIONAL","RAMA EJECUTIVA","NO APLICA","DEFENSA","ADSCRITAS","ESPECIAL","2025","Fuente: Función Pública, Planta, junio 2025","153","0","0","0","0","0","153","66","87","0","0","0","0","0","0","0","0","-74.072092","4.710989"
"8115","AGENCIA DE RENOVACION DEL TERRITORIO","NACIONAL","RAMA EJECUTIVA","DESCENTRALIZADO","PRESIDENCIA DE LA REPÚBLICA","ADSCRITAS","AGENCIA ESTATAL DE NATURALEZA ESPECIAL","2025","Fuente: Función Pública, Planta, junio 2025","317","0","0","0","0","0","317","45","272","0","0","0","0","0","0","0","0","-74.072092","4.710989"
"8116","AGENCIA NACIONAL DE TIERRAS","NACIONAL","RAMA EJECUTIVA","DESCENTRALIZADO","AGROPECUARIO PESQUERO Y DE DESARROLLO RURAL","ADSCRITAS","AGENCIA ESTATAL DE NATURALEZA ESPECIAL","2025","Fuente: Función Pública, Planta, junio 2025","216","0","0","0","0","0","216","44","172","0","0","0","0","0","0","0","0","-74.072092","4.710989"
"8117","AGENCIA DE DESARROLLO RURAL","NACIONAL","RAMA EJECUTIVA","DESCENTRALIZADO","AGROPECUARIO PESQUERO Y DE DESARROLLO RURAL","ADSCRITAS","AGENCIA ESTATAL DE NATURALEZA ESPECIAL","2025","Fuente: Función Pública, Planta, junio 2025","114","0","0","0","0","0","114","25","89","0","0","0","0","0","0","0","0","-74.072092","4.710989"
"8176","ADMINISTRADORA DE LOS RECURSOS DEL SISTEMA GENERAL DE SEGURIDAD SOCIAL EN SALUD","NACIONAL","RAMA EJECUTIVA","DESCENTRALIZADO","SALUD Y PROTECCIÓN SOCIAL","ADSCRITAS","ESPECIAL","2025","Fuente: Función Pública, Planta, junio 2025","223","0","0","0","0","0","223","40","183","0","0","0","0","0","0","0","0","-74.072092","4.710989"
"8179","FONDO NACIONAL AMBIENTAL - FONAM","NACIONAL","RAMA EJECUTIVA","NO APLICA","AMBIENTE Y DESARROLLO SOSTENIBLE","ADSCRITAS","ÚNICA","2025","Fuente: Función Pública, Planta, junio 2025","0","0","0","0","0","0","0","0","0","0","0","0","0","0","0","0","0","-74.072092","4.710989"
"8187","CORPORACION DE ALTA TECNOLOGIA PARA LA DEFENSA","NACIONAL","RAMA EJECUTIVA","DESCENTRALIZADO","DEFENSA","VINCULADAS","INSTITUTO CIENTÍFICO Y TECNOLOGICO","2025","Fuente: Función Pública, Planta, junio 2025","0","0","0","0","47","0","47","0","0","0","0","0","0","0","47","0","0","-74.072092","4.710989"
"8234","CONSEJO PROFESIONAL DE ADMINISTRACION DE EMPRESAS","NACIONAL","RAMA EJECUTIVA","NO APLICA","COMERCIO INDUSTRIA Y TURISMO","NO APLICA","NO APLICA","2025","Fuente: Función Pública, Planta, junio 2025","0","0","0","0","0","0","0","0","0","0","0","0","0","0","0","0","0","-74.072092","4.710989"
"8304","JURISDICCION ESPECIAL PARA LA PAZ","NACIONAL","SISTEMA INTEGRAL DE VERDAD JUSTICIA REPARACIÓN Y NO REPETICIÓN","NO APLICA","NO APLICA","NO APLICA","ESPECIAL","2025","Fuente: Función Pública, Planta, junio 2025","894","0","0","0","0","0","894","894","0","0","0","0","0","0","0","0","0","-74.072092","4.710989"
"8309","CORPORACION AGENCIA NACIONAL DE GOBIERNO DIGITAL","NACIONAL","RAMA EJECUTIVA","DESCENTRALIZADO","TECNOLOGÍAS DE LA INFORMACION Y LAS COMUNICACIONES","VINCULADAS","ENTIDAD DESCENTRALIZADA INDIRECTA","2025","Fuente: Función Pública, Planta, junio 2025","0","0","0","0","16","0","16","0","0","0","0","0","0","0","16","0","0","-74.072092","4.710989"
"8314","UNIDAD DE BUSQUEDA DE PERSONAS DADAS POR DESAPARECIDAS EN EL CONTEXTO Y EN RAZON DEL CONFLICTO ARMADO","NACIONAL","SISTEMA INTEGRAL DE VERDAD JUSTICIA REPARACIÓN Y NO REPETICIÓN","NO APLICA","NO APLICA","NO APLICA","ESPECIAL","2025","Fuente: Función Pública, Planta, junio 2025","522","0","0","0","0","0","522","522","0","0","0","0","0","0","0","0","0","-74.072092","4.710989"
"8398","CONSEJO PROFESIONAL DE INGENIERIA QUIMICA DE COLOMBIA","NACIONAL","ORGANOS AUTÓNOMOS","NO APLICA","NO APLICA","NO APLICA","ORGANOS AUTÓNOMOS","2025","Fuente: Función Pública, Planta, junio 2025","8","0","0","0","0","0","8","8","0","0","0","0","0","0","0","0","0","-74.072092","4.710989"
"8413","CONSEJO PROFESIONAL DE INGENIERIA DE PETROLEOS","NACIONAL","ORGANOS AUTÓNOMOS","NO APLICA","NO APLICA","NO APLICA","ESTABLECIMIENTO PÚBLICO","2025","Fuente: Función Pública, Planta, junio 2025","0","0","0","0","0","0","0","0","0","0","0","0","0","0","0","0","0","-74.072092","4.710989"
"8428","COMISION PROFESIONAL COLOMBIANA DE DISEÑO INDUSTRIAL","NACIONAL","ORGANOS AUTÓNOMOS","CENTRAL","COMERCIO INDUSTRIA Y TURISMO","NO APLICA","ORGANOS AUTÓNOMOS","2025","Fuente: Función Pública, Planta, junio 2025","0","0","0","0","0","0","0","0","0","0","0","0","0","0","0","0","0","-74.072092","4.710989"
"8432","UNIDAD ADMINISTRATIVA ESPECIAL DE ALIMENTACIÓN ESCOLAR","NACIONAL","RAMA EJECUTIVA","CENTRAL","EDUCACIÓN","ADSCRITAS","UNIDAD ADMINISTRATIVA ESPECIAL CON PERSONERÍA JURÍDICA","2025","Fuente: Función Pública, Planta, junio 2025","60","0","0","0","0","0","60","13","47","0","0","0","0","0","0","0","0","-74.072092","4.710989"
"8442","CONSEJO PROFESIONAL NACIONAL DE ARQUITECTURA Y SUS PROFESIONES AUXILIARES","NACIONAL","ORGANOS AUTÓNOMOS","NO APLICA","NO APLICA","NO APLICA","ORGANOS AUTÓNOMOS","2025","Fuente: Función Pública, Planta, junio 2025","0","0","0","0","0","0","0","0","0","0","0","0","0","0","0","0","0","-74.072092","4.710989"
"8450","UNIVERSIDAD AUTONOMA INDIGENA INTERCULTURAL DEL CONSEJO REGIONAL INDIGENA DEL CAUCA","NACIONAL","ORGANOS AUTÓNOMOS","NO APLICA","EDUCACIÓN","NO APLICA","ENTE UNIVERSITARIO AUTÓNOMO","2025","Fuente: Función Pública, Planta, junio 2025","0","0","0","0","0","0","0","0","0","0","0","0","0","0","0","0","0","-76.614739","2.444814"
"8468","ALIANZA PUBLICA PARA EL DESARROLLO INTEGRAL","NACIONAL","ORGANOS AUTÓNOMOS","DESCENTRALIZADO","NO APLICA","NO APLICA","ENTIDAD DESCENTRALIZADA INDIRECTA","2025","Fuente: Función Pública, Planta, junio 2025","0","0","0","0","0","0","0","0","0","0","0","0","0","0","0","0","0","-74.072092","4.710989"
"8471","CONSEJO PROFESIONAL NACIONAL DE TOPOGRAFIA","NACIONAL","ORGANOS AUTÓNOMOS","CENTRAL","NO APLICA","NO APLICA","ORGANOS AUTÓNOMOS","2025","Fuente: Función Pública, Planta, junio 2025","0","0","0","0","0","0","0","0","0","0","0","0","0","0","0","0","0","-74.072092","4.710989"
"8480","CONSEJO NACIONAL DE TECNICOS ELECTRICISTAS","NACIONAL","ORGANOS AUTÓNOMOS","NO APLICA","NO APLICA","NO APLICA","ORGANOS AUTÓNOMOS","2025","Fuente: Función Pública, Planta, junio 2025","0","0","0","0","0","0","0","0","0","0","0","0","0","0","0","0","0","-74.072092","4.710989"
"8492","FIDEICOMISOS SOCIEDAD FIDUCIARIA FIDUCOLDEX","NACIONAL","RAMA EJECUTIVA","DESCENTRALIZADO","COMERCIO INDUSTRIA Y TURISMO","ADSCRITAS","SOCIEDAD ANONIMA DE ECONOMÍA MIXTA","2025","Fuente: Función Pública, Planta, junio 2025","0","0","0","0","0","0","0","0","0","0","0","0","0","0","0","0","0","-74.072092","4.710989"
"8546","MINISTERIO DE IGUALDAD Y EQUIDAD","NACIONAL","RAMA EJECUTIVA","CENTRAL","IGUALDAD Y EQUIDAD","NO APLICA","MINISTERIO","2025","Fuente: Función Pública, Planta, junio 2025","744","0","0","0","0","0","744","103","641","0","0","0","0","0","0","0","0","-74.072092","4.710989"
