"PREMIO","SORTEO","NUMERO","SERIE"
"SECO 200 MM","5026","0100","335"
"SECO 200 MM","5026","8455","117"
"SECO 200 MM","5026","5160","218"
"SECO 300 MM","5026","5116","243"
"SECO 200 MM","5026","1818","313"
"SECO 100 MM","5026","1442","180"
"SECO 300 MM","5026","9166","258"
"SECO 100 MM","5026","7328","326"
"SECO 100 MM","5026","5536","170"
"SECO 100 MM","5026","1875","186"
"SECO 100 MM","5026","0760","291"
"SECO 100 MM","5026","1427","245"
"SECO 100 MM","5026","4964","373"
"SECO 50 MM","5026","7625","18"
"SECO 50 MM","5026","8856","251"
"SECO 50 MM","5026","4148","172"
"SECO 50 MM","5026","4577","16"
"SECO 50 MM","5026","3471","251"
"SECO 50 MM","5026","2764","88"
"SECO 50 MM","5026","2973","354"
"SECO 50 MM","5026","9272","175"
"SECO 50 MM","5026","2472","300"
"SECO 50 MM","5026","8140","143"
"SECO 50 MM","5026","3106","108"
"SECO 50 MM","5026","7711","264"
"SECO 50 MM","5026","9661","98"
"SECO 50 MM","5026","6704","250"
"SECO 50 MM","5026","2835","379"
"SECO 50 MM","5026","1313","246"
"SECO 50 MM","5026","9564","299"
"SECO 50 MM","5026","5337","12"
"SECO 50 MM","5026","1124","372"
"SECO 50 MM","5026","9316","109"
"SECO 20 MM","5026","9667","247"
"SECO 20 MM","5026","0141","253"
"SECO 20 MM","5026","7010","144"
"SECO 20 MM","5026","9012","187"
"SECO 20 MM","5026","2732","95"
"SECO 20 MM","5026","1387","68"
"SECO 20 MM","5026","6601","164"
"SECO 20 MM","5026","8167","322"
"SECO 20 MM","5026","9443","257"
"SECO 20 MM","5026","9445","78"
"SECO 20 MM","5026","1851","316"
"SECO 20 MM","5026","4414","339"
"SECO 20 MM","5026","3448","121"
"SECO 20 MM","5026","2825","257"
"SECO 20 MM","5026","3003","81"
"SECO 10 MM","5026","2682","224"
"SECO 10 MM","5026","0384","101"
"SECO 10 MM","5026","3991","219"
"SECO 10 MM","5026","7448","49"
"SECO 10 MM","5026","6569","218"
"SECO 10 MM","5026","8143","58"
"SECO 10 MM","5026","9805","306"
"SECO 10 MM","5026","1825","39"
"SECO 10 MM","5026","7854","170"
"SECO 10 MM","5026","7869","351"
"SECO 10 MM","5026","5021","85"
"SECO 20 MM","5026","4139","284"
"SECO 20 MM","5026","5041","287"
"SECO 20 MM","5026","6474","185"
"SECO 20 MM","5026","9578","225"
"SECO 20 MM","5026","4172","376"
"SECO 20 MM","5026","3182","372"
"SECO 20 MM","5026","6954","65"
"SECO 20 MM","5026","4030","9"
"SECO 20 MM","5026","9875","162"
"SECO 20 MM","5026","9483","8"
"SECO 10 MM","5026","8278","51"
"SECO 10 MM","5026","3974","323"
"SECO 10 MM","5026","6916","42"
"SECO 10 MM","5026","9682","316"
"SECO 10 MM","5026","9476","328"
"SECO 10 MM","5026","3528","145"
"SECO 10 MM","5026","0786","370"
"SECO 10 MM","5026","4777","52"
"SECO 10 MM","5026","7143","205"
"SECO 10 MM","5026","3737","219"
"SECO 10 MM","5026","2445","230"
"SECO 10 MM","5026","4726","187"
"SECO 10 MM","5026","7340","177"
"SECO 10 MM","5026","6267","131"
"SECO 10 MM","5026","6472","355"
"SECO 10 MM","5026","4903","225"
"SECO 10 MM","5026","4547","52"
"SECO 10 MM","5026","7449","227"
"PREMIO MAYOR","5026","0891","102"
"SECO 10 MM","5026","8605","326"
"SECO 300 MM","5026","0497","180"
"SECO 200 MM","5037","8674","261"
"SECO 300 MM","5037","7877","366"
"SECO 100 MM","5037","5216","216"
"SECO 100 MM","5037","1099","308"
"PREMIO MAYOR","5037","3132","88"
"SECO 500 MM","5037","5174","342"
"SECO 100 MM","5037","0257","305"
"SECO 50 MM","5037","0451","192"
"SECO 50 MM","5037","8839","142"
"SECO 100 MM","5037","3652","67"
"SECO 50 MM","5037","7542","257"
"SECO 50 MM","5037","3609","114"
"SECO 50 MM","5037","6459","193"
"SECO 50 MM","5037","0170","5"
"SECO 50 MM","5037","9729","320"
"SECO 50 MM","5037","5869","339"
"SECO 50 MM","5037","4129","277"
"SECO 20 MM","5037","1396","377"
"SECO 20 MM","5037","3864","54"
"SECO 20 MM","5037","6396","64"
"SECO 20 MM","5037","2862","349"
"SECO 10 MM","5037","9232","313"
"SECO 10 MM","5037","5213","198"
"SECO 10 MM","5037","3259","369"
"SECO 10 MM","5037","6782","154"
"SECO 10 MM","5037","0889","180"
"SECO 10 MM","5037","1609","179"
"SECO 10 MM","5037","1098","360"
"SECO 10 MM","5037","5246","139"
"SECO 10 MM","5037","3322","33"
"SECO 10 MM","5037","5790","179"
"SECO 10 MM","5037","7679","172"
"SECO 10 MM","5037","2016","284"
"SECO 10 MM","5037","9623","162"
"SECO 10 MM","5037","1356","376"
"SECO 10 MM","5037","8960","209"
"SECO 10 MM","5037","8917","201"
"SECO 20 MM","5037","8951","237"
"SECO 10 MM","5037","0028","355"
"SECO 20 MM","5037","5616","215"
"SECO 20 MM","5037","4000","233"
"SECO 20 MM","5037","5659","319"
"SECO 20 MM","5037","0835","5"
"SECO 20 MM","5037","4745","285"
"SECO 20 MM","5037","7997","10"
"SECO 20 MM","5037","6142","286"
"SECO 20 MM","5037","3235","132"
"SECO 20 MM","5037","2687","370"
"SECO 5 MM","5037","2625","8"
"SECO 5 MM","5037","8780","289"
"SECO 5 MM","5037","3464","190"
"SECO 5 MM","5037","3361","204"
"SECO 5 MM","5037","9725","80"
"SECO 5 MM","5037","1110","374"
"SECO 5 MM","5037","9247","216"
"SECO 5 MM","5037","5900","280"
"SECO 5 MM","5037","8292","262"
"SECO 5 MM","5037","5654","300"
"SECO 5 MM","5037","0752","69"
"SECO 5 MM","5037","5510","303"
"SECO 5 MM","5037","8551","179"
"SECO 5 MM","5037","8871","51"
"SECO 5 MM","5037","2743","135"
"SECO 5 MM","5037","0722","184"
"SECO 5 MM","5037","8712","86"
"SECO 5 MM","5037","2494","182"
"SECO 200 MM","5037","0705","50"
"SECO 300 MM","5037","7940","342"
"SECO 200 MM","5037","1901","190"
"SECO 200 MM","5037","0707","70"
"SECO 50 MM","5037","5270","123"
"SECO 20 MM","5037","2409","358"
"SECO 100 MM","5037","9080","310"
"SECO 100 MM","5037","6425","43"
"SECO 300 MM","5037","0213","62"
"SECO 100 MM","5037","7844","9"
"SECO 5 MM","5037","0207","231"
"SECO 5 MM","5037","7869","13"
"SECO 300 MM","5038","0797","158"
"SECO 200 MM","5038","2585","276"
"SECO 300 MM","5038","9941","127"
"SECO 200 MM","5038","4712","371"
"SECO 200 MM","5038","1556","265"
"SECO 200 MM","5038","4774","255"
"SECO 300 MM","5038","5720","192"
"SECO 100 MM","5038","9398","277"
"SECO 200 MM","5027","2748","0"
"SECO 200 MM","5027","7315","233"
"SECO 100 MM","5027","5743","239"
"SECO 100 MM","5027","6485","274"
"PREMIO MAYOR","5027","9172","252"
"SECO 300 MM","5027","1311","22"
"SECO 100 MM","5027","4944","116"
"SECO 100 MM","5027","1021","113"
"SECO 10 MM","5027","9619","222"
"SECO 10 MM","5027","8950","66"
"SECO 10 MM","5027","8602","276"
"SECO 100 MM","5027","4310","204"
"SECO 50 MM","5027","7198","3"
"SECO 10 MM","5027","3061","177"
"SECO 50 MM","5027","7089","375"
"SECO 10 MM","5027","8437","174"
"SECO 50 MM","5027","9757","134"
"SECO 10 MM","5027","5386","286"
"SECO 10 MM","5027","2702","19"
"SECO 50 MM","5027","4576","150"
"SECO 10 MM","5027","5007","373"
"SECO 10 MM","5027","3056","321"
"SECO 50 MM","5027","6345","65"
"SECO 50 MM","5027","2642","243"
"SECO 10 MM","5027","2676","135"
"SECO 50 MM","5027","4537","183"
"SECO 50 MM","5027","8594","178"
"SECO 50 MM","5027","4368","316"
"SECO 10 MM","5027","6250","374"
"SECO 10 MM","5027","8878","97"
"SECO 50 MM","5027","2006","83"
"SECO 10 MM","5027","8590","118"
"SECO 50 MM","5027","0358","299"
"SECO 10 MM","5027","6344","72"
"SECO 50 MM","5027","2443","338"
"SECO 50 MM","5027","9888","305"
"SECO 10 MM","5027","4662","221"
"SECO 50 MM","5027","6188","181"
"SECO 10 MM","5027","9972","17"
"SECO 10 MM","5027","8721","31"
"SECO 50 MM","5027","1987","143"
"SECO 10 MM","5027","3850","249"
"SECO 50 MM","5027","3973","35"
"SECO 50 MM","5027","7709","229"
"SECO 10 MM","5027","1611","280"
"SECO 10 MM","5027","5031","10"
"SECO 20 MM","5027","1044","41"
"SECO 10 MM","5027","2193","120"
"SECO 20 MM","5027","5649","177"
"SECO 10 MM","5027","7370","164"
"SECO 20 MM","5027","0538","101"
"SECO 10 MM","5027","5429","36"
"SECO 20 MM","5027","3577","171"
"SECO 20 MM","5027","8979","222"
"SECO 20 MM","5027","2979","140"
"SECO 10 MM","5027","3402","342"
"SECO 20 MM","5027","2337","29"
"SECO 20 MM","5027","7334","228"
"SECO 20 MM","5027","4801","183"
"SECO 20 MM","5027","3641","270"
"SECO 20 MM","5027","5800","240"
"SECO 20 MM","5027","2147","42"
"SECO 20 MM","5027","5731","329"
"SECO 20 MM","5027","1540","56"
"SECO 20 MM","5027","3227","212"
"SECO 20 MM","5027","4937","130"
"SECO 20 MM","5027","4174","292"
"SECO 20 MM","5027","1072","67"
"SECO 20 MM","5027","9614","295"
"SECO 20 MM","5027","4796","80"
"SECO 20 MM","5027","4795","377"
"SECO 10 MM","5027","5345","211"
"SECO 300 MM","5027","2376","243"
"SECO 200 MM","5027","2895","12"
"SECO 100 MM","5027","6349","223"
"SECO 200 MM","5027","1810","119"
"SECO 300 MM","5027","6935","126"
"SECO 100 MM","5027","6204","279"
"SECO 10 MM","5027","0874","6"
"SECO 50 MM","5027","8999","286"
"SECO 10 MM","5027","3617","210"
"SECO 10 MM","5027","0819","162"
"SECO 10 MM","5027","7127","150"
"SECO 10 MM","5027","1458","52"
"SECO 20 MM","5027","4941","60"
"SECO 50 MM","5027","9861","105"
"SECO 50 MM","5027","3933","333"
"SECO 20 MM","5027","3856","149"
"SECO 20 MM","5027","3591","376"
"SECO 20 MM","5027","7643","71"
"SECO 100 MM","5038","1802","216"
"SECO 100 MM","5038","5962","32"
"SECO 100 MM","5038","1427","110"
"SECO 100 MM","5038","2579","95"
"SECO 100 MM","5038","6840","249"
"SECO 100 MM","5038","1268","110"
"SECO 50 MM","5038","8049","7"
"SECO 50 MM","5038","9057","135"
"SECO 50 MM","5038","4310","26"
"SECO 50 MM","5038","6819","35"
"SECO 50 MM","5038","8164","27"
"SECO 50 MM","5038","0320","229"
"SECO 50 MM","5038","3464","252"
"SECO 50 MM","5038","2563","100"
"SECO 50 MM","5038","0386","136"
"SECO 50 MM","5038","1563","129"
"SECO 20 MM","5038","6767","336"
"SECO 20 MM","5038","2237","30"
"SECO 20 MM","5038","1929","334"
"SECO 20 MM","5038","2995","160"
"SECO 20 MM","5038","7235","209"
"SECO 20 MM","5038","5278","296"
"SECO 20 MM","5038","0470","78"
"SECO 20 MM","5038","8643","326"
"SECO 20 MM","5038","4627","218"
"SECO 20 MM","5038","3549","325"
"SECO 20 MM","5038","4531","126"
"SECO 20 MM","5038","8977","65"
"SECO 20 MM","5038","7658","218"
"SECO 20 MM","5038","1450","88"
"SECO 10 MM","5038","5989","51"
"SECO 20 MM","5038","2450","134"
"SECO 10 MM","5038","1999","9"
"SECO 5 MM","5038","6878","140"
"SECO 5 MM","5038","3679","290"
"SECO 5 MM","5038","0322","62"
"SECO 5 MM","5038","5972","251"
"SECO 5 MM","5038","3120","291"
"SECO 5 MM","5038","3717","244"
"SECO 5 MM","5038","1980","204"
"SECO 5 MM","5038","2139","182"
"SECO 5 MM","5038","0567","114"
"SECO 5 MM","5038","3757","191"
"SECO 10 MM","5038","0012","366"
"SECO 10 MM","5038","4248","206"
"SECO 10 MM","5038","5391","133"
"SECO 10 MM","5038","4834","206"
"SECO 10 MM","5038","4919","332"
"SECO 10 MM","5038","8349","165"
"SECO 10 MM","5038","4416","372"
"SECO 10 MM","5038","1893","288"
"SECO 10 MM","5038","1893","319"
"SECO 10 MM","5038","0505","219"
"SECO 10 MM","5038","9824","347"
"SECO 10 MM","5038","3265","119"
"SECO 10 MM","5038","5158","46"
"SECO 10 MM","5038","5421","100"
"SECO 10 MM","5038","7593","194"
"SECO 500 MM","5038","9145","81"
"PREMIO MAYOR","5038","7417","36"
"SECO 5 MM","5038","7186","173"
"SECO 5 MM","5038","5716","140"
"SECO 5 MM","5038","6135","37"
"SECO 5 MM","5038","4253","252"
"SECO 5 MM","5038","2156","38"
"SECO 5 MM","5038","5066","196"
"SECO 5 MM","5038","1585","128"
"SECO 5 MM","5038","1447","235"
"SECO 5 MM","5038","1705","94"
"SECO 5 MM","5038","4255","276"
"SECO 200 MM","5028","9180","119"
"SECO 300 MM","5028","5326","244"
"SECO 200 MM","5028","7970","141"
"SECO 100 MM","5028","7027","163"
"SECO 100 MM","5028","7063","292"
"SECO 100 MM","5028","3776","356"
"SECO 20 MM","5028","9743","139"
"SECO 100 MM","5028","1077","332"
"SECO 100 MM","5028","5703","272"
"SECO 100 MM","5028","5264","280"
"SECO 10 MM","5028","5011","25"
"SECO 50 MM","5028","5835","174"
"SECO 10 MM","5028","2723","202"
"SECO 50 MM","5028","2187","152"
"SECO 10 MM","5028","0617","267"
"SECO 10 MM","5028","5899","283"
"SECO 50 MM","5028","4669","315"
"SECO 50 MM","5028","0049","333"
"SECO 10 MM","5028","6509","67"
"SECO 50 MM","5028","8227","278"
"SECO 50 MM","5028","5617","357"
"SECO 10 MM","5028","3301","37"
"SECO 10 MM","5028","3913","106"
"SECO 50 MM","5028","8493","35"
"SECO 10 MM","5028","9199","246"
"SECO 50 MM","5028","9709","239"
"SECO 10 MM","5028","6492","294"
"SECO 10 MM","5028","0835","229"
"SECO 50 MM","5028","6042","312"
"SECO 10 MM","5028","1092","228"
"SECO 50 MM","5028","6765","86"
"SECO 10 MM","5028","6369","140"
"SECO 50 MM","5028","6158","126"
"SECO 10 MM","5028","4440","300"
"SECO 10 MM","5028","0306","199"
"SECO 10 MM","5028","4102","359"
"SECO 50 MM","5028","6646","185"
"SECO 50 MM","5028","1825","140"
"SECO 10 MM","5028","8538","200"
"SECO 50 MM","5028","2136","249"
"SECO 50 MM","5028","6678","184"
"SECO 10 MM","5028","6829","357"
"SECO 50 MM","5028","1323","152"
"SECO 10 MM","5028","9265","333"
"SECO 10 MM","5028","8351","148"
"SECO 10 MM","5028","9310","207"
"SECO 20 MM","5028","5767","239"
"SECO 50 MM","5028","7382","47"
"SECO 20 MM","5028","9828","2"
"SECO 10 MM","5028","8440","301"
"SECO 20 MM","5028","7677","161"
"SECO 10 MM","5028","3830","109"
"SECO 20 MM","5028","1263","183"
"SECO 20 MM","5028","4734","101"
"SECO 20 MM","5028","2985","112"
"SECO 20 MM","5028","7540","233"
"SECO 20 MM","5028","8842","54"
"SECO 20 MM","5028","1559","85"
"SECO 20 MM","5028","5471","361"
"SECO 20 MM","5028","2778","295"
"SECO 20 MM","5028","0777","365"
"SECO 20 MM","5028","5904","64"
"SECO 20 MM","5028","3833","49"
"SECO 20 MM","5028","0409","276"
"SECO 20 MM","5028","7555","371"
"SECO 20 MM","5028","1339","146"
"SECO 20 MM","5028","2114","236"
"SECO 20 MM","5028","0863","314"
"SECO 20 MM","5028","3994","376"
"SECO 20 MM","5028","2284","214"
"PREMIO MAYOR","5028","6998","286"
"SECO 10 MM","5028","5956","68"
"SECO 300 MM","5028","9892","143"
"SECO 10 MM","5028","6330","315"
"SECO 10 MM","5028","6900","246"
"SECO 10 MM","5028","8016","360"
"SECO 100 MM","5028","8533","217"
"SECO 200 MM","5028","0859","255"
"SECO 200 MM","5028","2985","221"
"SECO 300 MM","5028","5046","132"
"SECO 10 MM","5028","7810","2"
"SECO 50 MM","5028","2845","65"
"SECO 50 MM","5028","0159","215"
"SECO 50 MM","5028","6933","47"
"SECO 10 MM","5028","2815","226"
"SECO 20 MM","5028","0205","116"
"SECO 20 MM","5028","6793","251"
"SECO 20 MM","5028","7228","287"
"SECO 10 MM","5028","0279","379"
"SECO 10 MM","5028","8913","308"
"PREMIO MAYOR","5039","0279","127"
"SECO 200 MM","5039","1489","297"
"SECO 200 MM","5039","5132","315"
"SECO 200 MM","5039","8417","11"
"SECO 200 MM","5039","9356","364"
"SECO 300 MM","5039","9651","310"
"SECO 300 MM","5039","8008","324"
"SECO 500 MM","5039","5253","352"
"SECO 300 MM","5039","6980","285"
"SECO 100 MM","5039","5990","242"
"SECO 100 MM","5039","5568","363"
"SECO 100 MM","5039","3744","79"
"SECO 100 MM","5039","7546","32"
"SECO 100 MM","5039","9137","99"
"SECO 100 MM","5039","4158","316"
"SECO 50 MM","5039","6449","128"
"SECO 100 MM","5039","6056","125"
"SECO 50 MM","5039","9564","310"
"SECO 50 MM","5039","0169","366"
"SECO 50 MM","5039","8548","313"
"SECO 50 MM","5039","6707","25"
"SECO 5 MM","5039","4736","51"
"SECO 5 MM","5039","0591","145"
"SECO 50 MM","5039","4617","100"
"SECO 50 MM","5039","3280","181"
"SECO 5 MM","5039","3483","313"
"SECO 50 MM","5039","0530","47"
"SECO 50 MM","5039","6569","327"
"SECO 5 MM","5039","4447","265"
"SECO 5 MM","5039","9239","20"
"SECO 50 MM","5039","0327","100"
"SECO 5 MM","5039","4030","90"
"SECO 20 MM","5039","7417","253"
"SECO 20 MM","5039","9975","375"
"SECO 20 MM","5039","1739","158"
"SECO 5 MM","5039","2857","40"
"SECO 10 MM","5039","6626","245"
"SECO 20 MM","5039","4840","218"
"SECO 5 MM","5039","6217","22"
"SECO 20 MM","5039","1928","17"
"SECO 10 MM","5039","6428","71"
"SECO 20 MM","5039","6616","274"
"SECO 20 MM","5039","9112","10"
"SECO 10 MM","5039","1124","264"
"SECO 20 MM","5039","0803","283"
"SECO 20 MM","5039","0841","265"
"SECO 10 MM","5039","5043","297"
"SECO 20 MM","5039","1200","99"
"SECO 10 MM","5039","5506","225"
"SECO 10 MM","5039","0000","110"
"SECO 10 MM","5039","0631","56"
"SECO 10 MM","5039","6321","250"
"SECO 10 MM","5039","9060","269"
"SECO 20 MM","5039","3949","68"
"SECO 20 MM","5039","5627","249"
"SECO 20 MM","5039","5644","302"
"SECO 20 MM","5039","9757","170"
"SECO 10 MM","5039","7061","99"
"SECO 10 MM","5039","3331","91"
"SECO 20 MM","5039","3688","119"
"SECO 10 MM","5039","2911","378"
"SECO 10 MM","5039","7671","226"
"SECO 10 MM","5039","4402","6"
"SECO 10 MM","5039","2548","104"
"SECO 10 MM","5039","1196","144"
"SECO 10 MM","5039","3406","265"
"SECO 5 MM","5039","5763","107"
"SECO 5 MM","5039","5776","289"
"SECO 5 MM","5039","6345","201"
"SECO 5 MM","5039","1446","107"
"SECO 5 MM","5039","5481","18"
"SECO 5 MM","5039","9332","242"
"SECO 5 MM","5039","5147","363"
"SECO 5 MM","5039","4183","88"
"SECO 5 MM","5039","7815","290"
"SECO 5 MM","5039","9136","154"
"SECO 5 MM","5039","3250","297"
"SECO 5 MM","5039","6233","24"
"SECO 100 MM","5029","1816","98"
"SECO 100 MM","5029","3505","305"
"SECO 100 MM","5029","3330","70"
"SECO 100 MM","5029","7974","174"
"SECO 100 MM","5029","5963","275"
"SECO 50 MM","5029","4483","48"
"SECO 100 MM","5029","3419","87"
"SECO 50 MM","5029","3392","50"
"SECO 10 MM","5029","7470","204"
"SECO 50 MM","5029","7286","282"
"SECO 10 MM","5029","3790","38"
"SECO 50 MM","5029","5166","57"
"SECO 10 MM","5029","5186","322"
"SECO 50 MM","5029","9851","118"
"SECO 10 MM","5029","8163","170"
"SECO 10 MM","5029","5502","71"
"SECO 50 MM","5029","1719","7"
"SECO 10 MM","5029","9214","41"
"SECO 50 MM","5029","5815","153"
"SECO 50 MM","5029","7925","319"
"SECO 10 MM","5029","9878","73"
"SECO 10 MM","5029","2563","226"
"SECO 50 MM","5029","8562","301"
"SECO 10 MM","5029","1951","332"
"SECO 50 MM","5029","6049","282"
"SECO 10 MM","5029","6854","131"
"SECO 50 MM","5029","9664","210"
"SECO 10 MM","5029","5210","237"
"SECO 50 MM","5029","9821","90"
"SECO 10 MM","5029","8139","109"
"SECO 50 MM","5029","9778","241"
"SECO 10 MM","5029","6772","93"
"SECO 50 MM","5029","8582","68"
"SECO 10 MM","5029","9396","223"
"SECO 50 MM","5029","8989","348"
"SECO 10 MM","5029","4733","330"
"SECO 50 MM","5029","1038","196"
"SECO 10 MM","5029","7223","319"
"SECO 50 MM","5029","2051","260"
"SECO 50 MM","5029","7540","278"
"SECO 10 MM","5029","1095","291"
"SECO 50 MM","5029","9169","43"
"SECO 10 MM","5029","4845","135"
"SECO 10 MM","5029","0842","229"
"SECO 10 MM","5029","2460","51"
"SECO 20 MM","5029","1585","23"
"SECO 10 MM","5029","0365","160"
"SECO 10 MM","5029","5678","219"
"SECO 20 MM","5029","5080","284"
"SECO 20 MM","5029","7843","125"
"SECO 20 MM","5029","5596","16"
"SECO 20 MM","5029","6565","47"
"SECO 20 MM","5029","9598","281"
"SECO 20 MM","5029","4227","320"
"SECO 20 MM","5029","3451","301"
"SECO 20 MM","5029","7417","342"
"SECO 20 MM","5029","0343","153"
"SECO 20 MM","5029","8372","24"
"SECO 20 MM","5029","4453","300"
"SECO 20 MM","5029","9959","78"
"SECO 20 MM","5029","8638","40"
"SECO 20 MM","5029","0493","75"
"SECO 20 MM","5029","0531","99"
"SECO 20 MM","5029","2567","226"
"SECO 20 MM","5029","5739","331"
"SECO 20 MM","5029","4170","36"
"SECO 20 MM","5029","5483","249"
"SECO 20 MM","5029","3032","28"
"SECO 300 MM","5029","5862","98"
"PREMIO MAYOR","5029","8579","318"
"SECO 10 MM","5029","9095","122"
"SECO 10 MM","5029","2460","275"
"SECO 10 MM","5029","2731","17"
"SECO 10 MM","5029","7203","256"
"SECO 10 MM","5029","7070","20"
"SECO 10 MM","5029","8732","186"
"SECO 10 MM","5029","3784","117"
"SECO 200 MM","5029","8360","218"
"SECO 200 MM","5029","2237","46"
"SECO 200 MM","5029","8220","296"
"SECO 300 MM","5029","5548","83"
"SECO 200 MM","5029","6931","243"
"SECO 50 MM","5029","5935","264"
"SECO 20 MM","5029","8814","301"
"SECO 300 MM","5029","1802","352"
"SECO 100 MM","5029","4756","247"
"SECO 20 MM","5029","4355","273"
"SECO 10 MM","5029","8205","318"
"SECO 20 MM","5029","9377","52"
"SECO 20 MM","5029","2321","173"
"PREMIO MAYOR","5030","8319","316"
"SECO 300 MM","5030","1211","209"
"SECO 100 MM","5030","8147","331"
"SECO 200 MM","5030","1406","278"
"SECO 200 MM","5030","5858","353"
"SECO 100 MM","5030","5468","273"
"SECO 100 MM","5030","4549","193"
"SECO 100 MM","5030","5073","303"
"SECO 100 MM","5030","3731","96"
"SECO 50 MM","5030","7057","37"
"SECO 100 MM","5030","6704","209"
"SECO 100 MM","5030","3038","170"
"SECO 50 MM","5030","8943","166"
"SECO 50 MM","5030","4600","319"
"SECO 50 MM","5030","6352","195"
"SECO 50 MM","5030","3225","32"
"SECO 50 MM","5030","0615","107"
"SECO 50 MM","5030","7036","327"
"SECO 50 MM","5030","2423","45"
"SECO 50 MM","5030","2036","11"
"SECO 50 MM","5030","0742","219"
"SECO 50 MM","5030","4488","63"
"SECO 50 MM","5030","5467","327"
"SECO 20 MM","5030","2345","84"
"SECO 20 MM","5030","3192","286"
"SECO 20 MM","5030","0506","241"
"SECO 20 MM","5030","4174","203"
"SECO 50 MM","5030","0645","243"
"SECO 50 MM","5030","2569","256"
"SECO 50 MM","5030","6747","293"
"SECO 50 MM","5030","3289","12"
"SECO 50 MM","5030","7049","187"
"SECO 50 MM","5030","3455","90"
"SECO 20 MM","5030","1032","303"
"SECO 50 MM","5030","8592","7"
"SECO 20 MM","5030","9707","50"
"SECO 50 MM","5030","5720","143"
"SECO 20 MM","5030","5492","328"
"SECO 20 MM","5030","3103","277"
"SECO 20 MM","5030","5391","253"
"SECO 20 MM","5030","8202","188"
"SECO 20 MM","5030","8000","251"
"SECO 20 MM","5030","5607","88"
"SECO 20 MM","5030","1160","149"
"SECO 20 MM","5030","6905","206"
"SECO 20 MM","5030","0061","331"
"SECO 20 MM","5030","0841","138"
"SECO 20 MM","5030","7029","318"
"SECO 20 MM","5030","8941","230"
"SECO 20 MM","5030","5277","372"
"SECO 20 MM","5030","1320","278"
"SECO 20 MM","5030","6223","137"
"SECO 20 MM","5030","1900","271"
"SECO 20 MM","5030","5165","106"
"SECO 10 MM","5030","7625","201"
"SECO 10 MM","5030","0864","127"
"SECO 10 MM","5030","0735","140"
"SECO 10 MM","5030","4882","241"
"SECO 10 MM","5030","5704","215"
"SECO 10 MM","5030","3131","11"
"SECO 10 MM","5030","5730","148"
"SECO 10 MM","5030","1875","125"
"SECO 10 MM","5030","7370","4"
"SECO 10 MM","5030","0281","179"
"SECO 10 MM","5030","4706","146"
"SECO 10 MM","5030","3121","367"
"SECO 10 MM","5030","3709","213"
"SECO 10 MM","5030","4714","51"
"SECO 10 MM","5030","2566","248"
"SECO 10 MM","5030","5244","8"
"SECO 10 MM","5030","0114","199"
"SECO 10 MM","5030","1363","189"
"SECO 10 MM","5030","9447","123"
"SECO 10 MM","5030","9248","275"
"SECO 10 MM","5030","5658","213"
"SECO 10 MM","5030","5752","32"
"SECO 10 MM","5030","2759","228"
"SECO 10 MM","5030","7948","201"
"SECO 10 MM","5030","7800","37"
"SECO 10 MM","5030","9930","122"
"SECO 10 MM","5030","9576","279"
"SECO 10 MM","5030","6932","279"
"SECO 10 MM","5030","2761","91"
"SECO 300 MM","5030","3430","248"
"SECO 20 MM","5030","6660","114"
"SECO 200 MM","5030","1978","16"
"SECO 200 MM","5030","4060","354"
"SECO 10 MM","5030","4289","112"
"SECO 20 MM","5030","2699","142"
"SECO 300 MM","5030","6822","163"
"SECO DE 200 M","5031","6281","1"
"SECO DE 300 M","5031","7157","127"
"SECO DE 200 M","5031","9900","56"
"SECO DE 100 M","5031","7089","363"
"SECO DE 100 M","5031","0292","50"
"SECO DE 100 M","5031","3032","126"
"SECO DE 100 M","5031","9844","232"
"SECO DE 100 M","5031","8281","150"
"SECO DE 100 M","5031","7443","237"
"SECO DE 100 M","5031","2317","5"
"PREMIO MAYOR","5031","5667","152"
"SECO DE 500 M","5031","4130","270"
"SECO DE 50 M","5031","9918","181"
"SECO DE 50 M","5031","2346","301"
"SECO DE 50 M","5031","0891","171"
"SECO DE 50 M","5031","8089","214"
"SECO DE 50 M","5031","3219","14"
"SECO DE 50 M","5031","4440","337"
"SECO DE 50 M","5031","2701","184"
"SECO DE 50 M","5031","9126","18"
"SECO DE 50 M","5031","6666","76"
"SECO DE 20 M","5031","8024","196"
"SECO DE 20 M","5031","7580","349"
"SECO DE 50 M","5031","9360","185"
"SECO DE 20 M","5031","7143","78"
"SECO DE 20 M","5031","7221","359"
"SECO DE 20 M","5031","1637","135"
"SECO DE 20 M","5031","1535","236"
"SECO DE 20 M","5031","4847","69"
"SECO DE 20 M","5031","1359","65"
"SECO DE 20 M","5031","2961","379"
"SECO DE 20 M","5031","3384","248"
"SECO DE 20 M","5031","5608","209"
"SECO DE 20 M","5031","7636","358"
"SECO DE 20 M","5031","3458","193"
"SECO DE 20 M","5031","7625","93"
"SECO DE 20 M","5031","8640","19"
"SECO DE 10 M","5031","5145","66"
"SECO DE 10 M","5031","2124","14"
"SECO DE 10 M","5031","4109","364"
"SECO DE 10 M","5031","0801","167"
"SECO DE 10 M","5031","3626","61"
"SECO DE 5 M","5031","1399","364"
"SECO DE 5 M","5031","9368","347"
"SECO DE 10 M","5031","8217","131"
"SECO DE 10 M","5031","2455","119"
"SECO DE 10 M","5031","8666","367"
"SECO DE 10 M","5031","2089","207"
"SECO DE 10 M","5031","1511","90"
"SECO DE 10 M","5031","0707","176"
"SECO DE 10 M","5031","6937","266"
"SECO DE 10 M","5031","9662","172"
"SECO DE 10 M","5031","5670","316"
"SECO DE 10 M","5031","6963","35"
"SECO DE 5 M","5031","5449","167"
"SECO DE 5 M","5031","9947","156"
"SECO DE 5 M","5031","9997","168"
"SECO DE 10 M","5031","1946","54"
"SECO DE 5 M","5031","4655","105"
"SECO DE 5 M","5031","7615","204"
"SECO DE 5 M","5031","9567","149"
"SECO DE 5 M","5031","8452","90"
"SECO DE 5 M","5031","6764","153"
"SECO DE 5 M","5031","2651","161"
"SECO DE 5 M","5031","9277","155"
"SECO DE 5 M","5031","2067","190"
"SECO DE 5 M","5031","4595","313"
"SECO DE 5 M","5031","3463","362"
"SECO DE 5 M","5031","1763","194"
"SECO DE 5 M","5031","3067","201"
"SECO DE 5 M","5031","9201","34"
"SECO DE 5 M","5031","6120","251"
"SECO DE 200 M","5031","2532","294"
"SECO DE 200 M","5031","1595","78"
"SECO DE 300 M","5031","2078","14"
"SECO DE 300 M","5031","3654","331"
"SECO DE 10 M","5031","1249","258"
"SECO DE 5 M","5031","5135","371"
"SECO 300 MM","5032","0141","309"
"SECO 200 MM","5032","7282","262"
"SECO 200 MM","5032","8324","164"
"SECO 100 MM","5032","5026","260"
"SECO 100 MM","5032","4848","151"
"SECO 100 MM","5032","1224","219"
"SECO 100 MM","5032","1958","4"
"SECO 100 MM","5032","0747","61"
"SECO 100 MM","5032","9314","319"
"SECO 50 MM","5032","9400","356"
"SECO 50 MM","5032","5982","46"
"SECO 100 MM","5032","6411","279"
"SECO 50 MM","5032","0779","13"
"SECO 50 MM","5032","3879","79"
"SECO 50 MM","5032","3364","378"
"SECO 50 MM","5032","9196","156"
"SECO 50 MM","5032","4922","131"
"SECO 20 MM","5032","6751","239"
"SECO 20 MM","5032","6664","200"
"SECO 20 MM","5032","8291","156"
"SECO 20 MM","5032","6603","342"
"SECO 20 MM","5032","0074","262"
"SECO 20 MM","5032","2817","140"
"SECO 20 MM","5032","8991","188"
"SECO 20 MM","5032","6525","225"
"SECO 20 MM","5032","8286","9"
"SECO 20 MM","5032","0504","364"
"SECO 20 MM","5032","5233","293"
"SECO 20 MM","5032","9936","223"
"SECO 20 MM","5032","7647","46"
"SECO 20 MM","5032","4550","71"
"SECO 20 MM","5032","0299","167"
"SECO 10 MM","5032","4492","62"
"SECO 10 MM","5032","0380","266"
"SECO 10 MM","5032","4207","49"
"SECO 10 MM","5032","6131","193"
"SECO 500 MM","5032","4180","189"
"SECO 5 MM","5032","6577","304"
"SECO 5 MM","5032","6847","116"
"SECO 5 MM","5032","5912","95"
"SECO 5 MM","5032","6676","307"
"SECO 5 MM","5032","3475","256"
"SECO 5 MM","5032","7974","120"
"SECO 5 MM","5032","3847","88"
"SECO 5 MM","5032","4203","244"
"SECO 5 MM","5032","8754","227"
"SECO 5 MM","5032","5129","86"
"SECO 5 MM","5032","4506","292"
"SECO 5 MM","5032","3040","249"
"SECO 5 MM","5032","5505","181"
"SECO 5 MM","5032","5067","93"
"SECO 5 MM","5032","4403","376"
"SECO 5 MM","5032","4208","83"
"SECO 5 MM","5032","8441","26"
"SECO 5 MM","5032","5373","341"
"SECO 5 MM","5032","7432","95"
"SECO 5 MM","5032","8978","128"
"SECO 10 MM","5032","3151","247"
"SECO 10 MM","5032","7660","207"
"SECO 10 MM","5032","7201","327"
"SECO 10 MM","5032","0723","148"
"SECO 10 MM","5032","4446","346"
"SECO 10 MM","5032","9853","261"
"SECO 10 MM","5032","5123","309"
"SECO 10 MM","5032","9293","224"
"SECO 10 MM","5032","7349","82"
"SECO 10 MM","5032","4090","244"
"SECO 10 MM","5032","4837","142"
"SECO 10 MM","5032","3688","298"
"SECO 10 MM","5032","2843","288"
"SECO 200 MM","5032","4269","227"
"SECO 300 MM","5032","0114","74"
"SECO 200 MM","5032","9901","162"
"SECO 300 MM","5032","8372","50"
"SECO 50 MM","5032","6421","317"
"SECO 50 MM","5032","0718","57"
"SECO 50 MM","5032","0324","9"
"PREMIO MAYOR","5032","6769","363"
"SECO 300 MM","5033","2092","350"
"SECO 200 MM","5033","1965","23"
"SECO 200 MM","5033","6988","104"
"SECO 300 MM","5033","3266","250"
"SECO 300 MM","5033","1657","35"
"SECO 500 MM","5033","7383","136"
"PREMIO MAYOR","5033","3473","261"
"SECO 100 MM","5033","0752","379"
"SECO 100 MM","5033","1713","126"
"SECO 100 MM","5033","2889","47"
"SECO 100 MM","5033","5738","369"
"SECO 100 MM","5033","8955","86"
"SECO 50 MM","5033","3003","336"
"SECO 100 MM","5033","2736","115"
"SECO 50 MM","5033","9940","280"
"SECO 50 MM","5033","8892","158"
"SECO 50 MM","5033","4845","328"
"SECO 50 MM","5033","6073","56"
"SECO 50 MM","5033","1019","271"
"SECO 50 MM","5033","5946","137"
"SECO 50 MM","5033","9990","68"
"SECO 10 MM","5033","2177","180"
"SECO 10 MM","5033","3019","303"
"SECO 10 MM","5033","9050","355"
"SECO 20 MM","5033","1340","253"
"SECO 20 MM","5033","3367","3"
"SECO 20 MM","5033","3365","281"
"SECO 20 MM","5033","7438","347"
"SECO 20 MM","5033","5142","322"
"SECO 20 MM","5033","5902","306"
"SECO 20 MM","5033","4943","180"
"SECO 20 MM","5033","6226","25"
"SECO 20 MM","5033","6549","260"
"SECO 20 MM","5033","9811","81"
"SECO 20 MM","5033","0690","344"
"SECO 50 MM","5033","7238","20"
"SECO 20 MM","5033","5899","168"
"SECO 20 MM","5033","6991","107"
"SECO 5 MM","5033","8582","339"
"SECO 5 MM","5033","0142","257"
"SECO 5 MM","5033","5506","346"
"SECO 5 MM","5033","3633","143"
"SECO 5 MM","5033","7558","42"
"SECO 5 MM","5033","1918","55"
"SECO 5 MM","5033","9328","274"
"SECO 10 MM","5033","0221","374"
"SECO 10 MM","5033","9259","241"
"SECO 10 MM","5033","3150","34"
"SECO 10 MM","5033","0219","275"
"SECO 10 MM","5033","3210","3"
"SECO 10 MM","5033","6585","135"
"SECO 10 MM","5033","5965","342"
"SECO 10 MM","5033","4199","342"
"SECO 10 MM","5033","7081","286"
"SECO 10 MM","5033","0935","111"
"SECO 10 MM","5033","8830","326"
"SECO 5 MM","5033","0977","167"
"SECO 5 MM","5033","3752","301"
"SECO 5 MM","5033","7576","328"
"SECO 5 MM","5033","2517","153"
"SECO 5 MM","5033","7522","286"
"SECO 5 MM","5033","0353","178"
"SECO 5 MM","5033","0863","55"
"SECO 200 MM","5033","2994","298"
"SECO 200 MM","5033","1013","238"
"SECO 50 MM","5033","8672","129"
"SECO 100 MM","5033","6799","75"
"SECO 10 MM","5033","0862","68"
"SECO 20 MM","5033","1870","118"
"SECO 20 MM","5033","0679","84"
"SECO 5 MM","5033","5406","189"
"SECO 10 MM","5033","2169","286"
"SECO 10 MM","5033","0185","88"
"SECO 5 MM","5033","6659","274"
"SECO 5 MM","5033","2086","367"
"SECO 5 MM","5033","6032","295"
"SECO 5 MM","5033","1268","24"
"SECO 5 MM","5033","0571","173"
"SECO 200 MM","5034","0094","210"
"SECO 100 MM","5034","0419","94"
"SECO 100 MM","5034","3794","3"
"SECO 100 MM","5034","6161","316"
"SECO 100 MM","5034","1474","168"
"SECO 100 MM","5034","6019","290"
"SECO 100 MM","5034","8372","171"
"SECO 50 MM","5034","6664","136"
"SECO 50 MM","5034","0078","138"
"SECO 100 MM","5034","3071","5"
"SECO 50 MM","5034","4060","75"
"SECO 50 MM","5034","9161","213"
"SECO 50 MM","5034","0737","286"
"SECO 50 MM","5034","9760","294"
"SECO 50 MM","5034","4750","227"
"SECO 50 MM","5034","4590","352"
"SECO 50 MM","5034","2682","176"
"SECO 50 MM","5034","6936","5"
"PREMIO MAYOR","5034","1984","65"
"SECO 500 MM","5034","2734","344"
"SECO 20 MM","5034","5209","1"
"SECO 20 MM","5034","1908","137"
"SECO 20 MM","5034","5253","192"
"SECO 20 MM","5034","7111","300"
"SECO 20 MM","5034","1838","249"
"SECO 5 MM","5034","7343","169"
"SECO 5 MM","5034","7835","142"
"SECO 5 MM","5034","5436","346"
"SECO 5 MM","5034","4113","62"
"SECO 5 MM","5034","2270","219"
"SECO 5 MM","5034","3753","234"
"SECO 5 MM","5034","8922","298"
"SECO 5 MM","5034","2517","321"
"SECO 5 MM","5034","5873","329"
"SECO 5 MM","5034","7138","346"
"SECO 5 MM","5034","2566","241"
"SECO 5 MM","5034","5601","35"
"SECO 5 MM","5034","7208","20"
"SECO 5 MM","5034","4573","312"
"SECO 5 MM","5034","3443","321"
"SECO 5 MM","5034","2635","204"
"SECO 5 MM","5034","6770","280"
"SECO 5 MM","5034","8005","188"
"SECO 5 MM","5034","9495","156"
"SECO 10 MM","5034","4695","128"
"SECO 20 MM","5034","5341","159"
"SECO 10 MM","5034","0418","109"
"SECO 5 MM","5034","3756","253"
"SECO 10 MM","5034","9209","360"
"SECO 10 MM","5034","7820","260"
"SECO 20 MM","5034","1468","88"
"SECO 10 MM","5034","9820","31"
"SECO 20 MM","5034","0053","166"
"SECO 20 MM","5034","1986","353"
"SECO 10 MM","5034","4244","280"
"SECO 20 MM","5034","8780","85"
"SECO 10 MM","5034","5833","144"
"SECO 20 MM","5034","1603","50"
"SECO 10 MM","5034","6138","145"
"SECO 10 MM","5034","2825","348"
"SECO 20 MM","5034","1013","11"
"SECO 10 MM","5034","5135","300"
"SECO 20 MM","5034","1226","66"
"SECO 10 MM","5034","6766","355"
"SECO 20 MM","5034","9001","351"
"SECO 10 MM","5034","7467","314"
"SECO 10 MM","5034","0111","226"
"SECO 10 MM","5034","0396","281"
"SECO 10 MM","5034","5122","141"
"SECO 10 MM","5034","9982","58"
"SECO 10 MM","5034","9477","349"
"SECO 200 MM","5034","0271","113"
"SECO 300 MM","5034","9305","284"
"SECO 200 MM","5034","6707","175"
"SECO 200 MM","5034","6138","356"
"SECO 300 MM","5034","8047","303"
"SECO 20 MM","5034","8405","136"
"SECO 300 MM","5034","6727","66"
"SECO 200 MM","5035","7775","331"
"SECO 200 MM","5035","4642","172"
"SECO 300 MM","5035","5431","135"
"SECO 300 MM","5035","9569","52"
"SECO 300 MM","5035","0814","369"
"SECO 200 MM","5035","2808","309"
"SECO 200 MM","5035","3472","315"
"SECO 100 MM","5035","8528","273"
"SECO 100 MM","5035","8958","150"
"SECO 100 MM","5035","2609","25"
"SECO 100 MM","5035","8958","5"
"SECO 100 MM","5035","3375","232"
"SECO 100 MM","5035","9567","341"
"SECO 50 MM","5035","3265","340"
"SECO 50 MM","5035","2349","220"
"SECO 100 MM","5035","2806","373"
"SECO 50 MM","5035","6928","86"
"SECO 50 MM","5035","2455","18"
"SECO 50 MM","5035","1302","234"
"SECO 50 MM","5035","2479","240"
"SECO 50 MM","5035","7953","80"
"SECO 50 MM","5035","4618","88"
"SECO 50 MM","5035","9988","236"
"SECO 50 MM","5035","9307","273"
"SECO 20 MM","5035","3395","256"
"SECO 20 MM","5035","0266","317"
"SECO 20 MM","5035","0749","159"
"SECO 20 MM","5035","0677","134"
"SECO 20 MM","5035","0186","192"
"SECO 20 MM","5035","2026","284"
"SECO 20 MM","5035","4778","53"
"SECO 20 MM","5035","5846","214"
"SECO 20 MM","5035","7405","281"
"SECO 10 MM","5035","7302","103"
"SECO 20 MM","5035","6491","353"
"SECO 20 MM","5035","3238","62"
"SECO 10 MM","5035","2123","307"
"SECO 20 MM","5035","4992","353"
"SECO 10 MM","5035","8038","356"
"SECO 10 MM","5035","1848","273"
"SECO 10 MM","5035","1010","354"
"SECO 10 MM","5035","6503","140"
"SECO 10 MM","5035","6941","283"
"SECO 10 MM","5035","4600","22"
"SECO 10 MM","5035","0533","156"
"PREMIO MAYOR","5035","6363","282"
"SECO 500 MM","5035","8357","192"
"SECO 5 MM","5035","8635","123"
"SECO 5 MM","5035","4530","193"
"SECO 5 MM","5035","6245","201"
"SECO 5 MM","5035","2602","260"
"SECO 5 MM","5035","5042","176"
"SECO 5 MM","5035","2223","50"
"SECO 5 MM","5035","7348","281"
"SECO 5 MM","5035","7136","194"
"SECO 5 MM","5035","6720","229"
"SECO 5 MM","5035","6338","185"
"SECO 5 MM","5035","7529","306"
"SECO 5 MM","5035","4036","129"
"SECO 5 MM","5035","9795","163"
"SECO 5 MM","5035","0863","189"
"SECO 5 MM","5035","0928","13"
"SECO 5 MM","5035","1540","225"
"SECO 5 MM","5035","8133","51"
"SECO 5 MM","5035","2385","21"
"SECO 5 MM","5035","7149","300"
"SECO 5 MM","5035","2518","0"
"SECO 10 MM","5035","8757","278"
"SECO 10 MM","5035","9263","260"
"SECO 10 MM","5035","1944","32"
"SECO 10 MM","5035","8798","191"
"SECO 10 MM","5035","0673","6"
"SECO 20 MM","5035","6617","204"
"SECO 20 MM","5035","4941","325"
"SECO 10 MM","5035","9476","67"
"SECO 10 MM","5035","4988","129"
"SECO 10 MM","5035","6743","218"
"SECO 20 MM","5035","6304","237"
"SECO 200 MM","5036","0046","235"
"SECO 200 MM","5036","9366","220"
"SECO 300 MM","5036","8602","236"
"SECO 300 MM","5036","8205","25"
"SECO 300 MM","5036","7674","263"
"SECO 200 MM","5036","1131","196"
"SECO 200 MM","5036","1130","262"
"SECO 100 MM","5036","9731","232"
"SECO 100 MM","5036","6652","279"
"SECO 100 MM","5036","7810","261"
"SECO 100 MM","5036","2327","112"
"SECO 100 MM","5036","3734","222"
"SECO 100 MM","5036","4356","320"
"SECO 100 MM","5036","8040","303"
"SECO 50 MM","5036","0716","297"
"SECO 50 MM","5036","8575","371"
"SECO 50 MM","5036","6712","219"
"SECO 50 MM","5036","1745","321"
"SECO 50 MM","5036","1300","344"
"SECO 50 MM","5036","8470","279"
"SECO 50 MM","5036","3731","73"
"SECO 50 MM","5036","6842","150"
"SECO 50 MM","5036","3425","70"
"SECO 20 MM","5036","8298","12"
"SECO 50 MM","5036","9475","284"
"SECO 20 MM","5036","0875","339"
"SECO 20 MM","5036","3813","225"
"SECO 20 MM","5036","6221","34"
"SECO 20 MM","5036","3579","18"
"SECO 20 MM","5036","7241","55"
"SECO 20 MM","5036","4356","365"
"SECO 20 MM","5036","5965","250"
"SECO 20 MM","5036","7678","118"
"SECO 20 MM","5036","2693","244"
"SECO 20 MM","5036","9176","247"
"SECO 20 MM","5036","5275","181"
"SECO 20 MM","5036","8375","210"
"SECO 10 MM","5036","0852","151"
"SECO 10 MM","5036","1078","330"
"SECO 10 MM","5036","4179","105"
"SECO 10 MM","5036","4392","284"
"SECO 10 MM","5036","9007","365"
"SECO 10 MM","5036","3466","102"
"SECO 10 MM","5036","9311","120"
"SECO 10 MM","5036","8578","248"
"SECO 10 MM","5036","0420","340"
"SECO 10 MM","5036","8875","198"
"SECO 20 MM","5036","3230","369"
"SECO 10 MM","5036","1192","198"
"SECO 20 MM","5036","7028","137"
"SECO 10 MM","5036","4699","33"
"SECO 10 MM","5036","8367","286"
"SECO 10 MM","5036","4754","207"
"SECO 10 MM","5036","2615","248"
"SECO 10 MM","5036","2978","74"
"SECO 5 MM","5036","9755","297"
"SECO 5 MM","5036","5351","296"
"SECO 5 MM","5036","5588","286"
"SECO 5 MM","5036","1944","32"
"SECO 5 MM","5036","6429","222"
"SECO 5 MM","5036","2672","106"
"SECO 5 MM","5036","3820","335"
"SECO 5 MM","5036","8205","200"
"SECO 5 MM","5036","7172","25"
"SECO 5 MM","5036","9324","89"
"SECO 5 MM","5036","7853","238"
"SECO 5 MM","5036","5511","177"
"SECO 5 MM","5036","6177","67"
"SECO 5 MM","5036","0411","368"
"SECO 5 MM","5036","9156","157"
"SECO 5 MM","5036","8722","40"
"SECO 5 MM","5036","5556","142"
"SECO 5 MM","5036","2607","309"
"SECO 5 MM","5036","3842","64"
"SECO 5 MM","5036","1778","109"
"SECO 10 MM","5036","0165","233"
"PREMIO MAYOR","5036","5689","171"
"SECO 500 MM","5036","5534","183"
"SECO 200 MM","5025","2457","240"
"SECO 300 MM","5025","2454","197"
"SECO 200 MM","5025","7615","96"
"SECO 100 MM","5025","9582","15"
"SECO 200 MM","5025","2288","230"
"SECO 300 MM","5025","1604","309"
"SECO 200 MM","5025","7650","117"
"SECO 100 MM","5025","0749","247"
"SECO 100 MM","5025","2174","372"
"SECO 100 MM","5025","8589","8"
"SECO 100 MM","5025","5757","278"
"SECO 100 MM","5025","9214","288"
"PREMIO MAYOR","5025","2120","120"
"SECO 300 MM","5025","7835","220"
"SECO 100 MM","5025","3782","184"
"SECO 50 MM","5025","7351","137"
"SECO 50 MM","5025","3550","102"
"SECO 50 MM","5025","8768","279"
"SECO 50 MM","5025","9745","8"
"SECO 50 MM","5025","7067","274"
"SECO 50 MM","5025","0280","193"
"SECO 50 MM","5025","3491","288"
"SECO 50 MM","5025","5488","354"
"SECO 50 MM","5025","6491","249"
"SECO 50 MM","5025","3305","71"
"SECO 50 MM","5025","0348","132"
"SECO 50 MM","5025","1328","130"
"SECO 50 MM","5025","4935","36"
"SECO 50 MM","5025","1560","329"
"SECO 50 MM","5025","9198","109"
"SECO 10 MM","5025","8919","87"
"SECO 10 MM","5025","6538","326"
"SECO 10 MM","5025","4677","122"
"SECO 10 MM","5025","7186","104"
"SECO 10 MM","5025","5254","97"
"SECO 10 MM","5025","9377","231"
"SECO 10 MM","5025","1788","108"
"SECO 10 MM","5025","0013","167"
"SECO 10 MM","5025","9103","104"
"SECO 10 MM","5025","5523","276"
"SECO 10 MM","5025","1060","191"
"SECO 10 MM","5025","8555","360"
"SECO 10 MM","5025","3286","47"
"SECO 10 MM","5025","2453","43"
"SECO 10 MM","5025","3002","340"
"SECO 10 MM","5025","3407","58"
"SECO 10 MM","5025","8100","299"
"SECO 10 MM","5025","7825","126"
"SECO 10 MM","5025","1487","73"
"SECO 10 MM","5025","6578","248"
"SECO 50 MM","5025","4025","270"
"SECO 10 MM","5025","8341","292"
"SECO 50 MM","5025","2031","33"
"SECO 10 MM","5025","9616","32"
"SECO 10 MM","5025","2250","213"
"SECO 50 MM","5025","9039","43"
"SECO 10 MM","5025","9085","95"
"SECO 50 MM","5025","0423","273"
"SECO 10 MM","5025","2184","250"
"SECO 10 MM","5025","8322","86"
"SECO 50 MM","5025","9097","167"
"SECO 20 MM","5025","9970","17"
"SECO 10 MM","5025","5062","273"
"SECO 20 MM","5025","5574","340"
"SECO 10 MM","5025","6774","195"
"SECO 20 MM","5025","5118","229"
"SECO 10 MM","5025","5059","89"
"SECO 10 MM","5025","9600","96"
"SECO 20 MM","5025","9782","264"
"SECO 20 MM","5025","6238","180"
"SECO 20 MM","5025","5616","120"
"SECO 20 MM","5025","8572","372"
"SECO 20 MM","5025","3660","125"
"SECO 20 MM","5025","1264","302"
"SECO 20 MM","5025","4990","192"
"SECO 20 MM","5025","5399","270"
"SECO 20 MM","5025","9534","136"
"SECO 20 MM","5025","1872","299"
"SECO 20 MM","5025","6994","205"
"SECO 20 MM","5025","7741","40"
"SECO 20 MM","5025","3654","49"
"SECO 20 MM","5025","3432","173"
"SECO 20 MM","5025","5005","51"
"SECO 20 MM","5025","7303","215"
"SECO 20 MM","5025","9311","358"
"SECO 20 MM","5025","7652","106"
"SECO 20 MM","5025","6061","341"
"SECO 20 MM","5025","5123","101"
"SECO 20 MM","5025","2744","168"
"SECO 20 MM","5025","2256","159"
"SECO 300 MM","5040","9731","373"
"SECO 500 MM","5040","6498","244"
"SECO 300 MM","5040","4276","122"
"SECO 200 MM","5040","7111","278"
"SECO 200 MM","5040","2502","324"
"SECO 200 MM","5040","1126","28"
"SECO 200 MM","5040","1984","345"
"SECO 100 MM","5040","0122","324"
"SECO 100 MM","5040","3684","366"
"SECO 100 MM","5040","7805","293"
"SECO 100 MM","5040","2430","273"
"SECO 100 MM","5040","0460","245"
"SECO 100 MM","5040","4798","56"
"SECO 100 MM","5040","6254","293"
"SECO 50 MM","5040","4937","238"
"SECO 50 MM","5040","6904","254"
"SECO 50 MM","5040","5375","264"
"SECO 50 MM","5040","6782","225"
"SECO 50 MM","5040","9713","8"
"SECO 50 MM","5040","5024","360"
"SECO 50 MM","5040","9955","143"
"SECO 50 MM","5040","1699","64"
"SECO 50 MM","5040","4947","41"
"SECO 50 MM","5040","0285","327"
"SECO 20 MM","5040","1332","348"
"SECO 20 MM","5040","7230","114"
"SECO 20 MM","5040","2270","206"
"SECO 20 MM","5040","6629","50"
"SECO 20 MM","5040","3343","118"
"SECO 20 MM","5040","6713","376"
"SECO 20 MM","5040","4437","128"
"SECO 20 MM","5040","2405","144"
"SECO 20 MM","5040","2875","376"
"SECO 20 MM","5040","3113","166"
"SECO 20 MM","5040","1187","253"
"SECO 20 MM","5040","5143","84"
"SECO 20 MM","5040","0708","5"
"SECO 20 MM","5040","1800","48"
"SECO 10 MM","5040","2907","71"
"SECO 10 MM","5040","9027","165"
"SECO 20 MM","5040","6670","27"
"SECO 10 MM","5040","8259","11"
"SECO 10 MM","5040","2569","255"
"SECO 10 MM","5040","7258","118"
"SECO 10 MM","5040","3507","257"
"SECO 10 MM","5040","1134","314"
"SECO 10 MM","5040","5042","252"
"SECO 5 MM","5040","6154","98"
"SECO 5 MM","5040","6429","230"
"SECO 5 MM","5040","4329","115"
"SECO 5 MM","5040","3332","102"
"SECO 5 MM","5040","7961","341"
"SECO 5 MM","5040","6998","66"
"SECO 5 MM","5040","8718","320"
"SECO 5 MM","5040","8840","295"
"SECO 5 MM","5040","4715","156"
"SECO 5 MM","5040","7471","63"
"SECO 5 MM","5040","3797","186"
"SECO 5 MM","5040","9310","331"
"SECO 5 MM","5040","0976","192"
"SECO 5 MM","5040","1061","62"
"SECO 5 MM","5040","4225","318"
"SECO 5 MM","5040","6924","298"
"SECO 5 MM","5040","9312","293"
"SECO 5 MM","5040","7103","231"
"SECO 5 MM","5040","5747","241"
"SECO 5 MM","5040","4957","325"
"SECO 10 MM","5040","0938","164"
"SECO 10 MM","5040","6973","227"
"SECO 10 MM","5040","1266","258"
"SECO 10 MM","5040","9842","66"
"SECO 10 MM","5040","4604","341"
"SECO 10 MM","5040","1324","367"
"SECO 10 MM","5040","7110","167"
"SECO 10 MM","5040","5167","306"
"SECO 10 MM","5040","6577","172"
"SECO 300 MM","5040","7885","352"
"PREMIO MAYOR","5040","6402","256"
"SECO 300 MM","5041","2463","68"
"SECO 200 MM","5041","0888","0"
"SECO 200 MM","5041","2937","5"
"SECO 200 MM","5041","6644","16"
"SECO 300 MM","5041","2443","17"
"SECO 300 MM","5041","1095","96"
"SECO 200 MM","5041","2888","117"
"SECO 100 MM","5041","4622","197"
"SECO 100 MM","5041","6474","226"
"SECO 100 MM","5041","5944","371"
"SECO 100 MM","5041","0435","141"
"SECO 100 MM","5041","1753","71"
"SECO 100 MM","5041","1281","340"
"SECO 50 MM","5041","1642","3"
"SECO 5 MM","5041","4590","259"
"SECO 5 MM","5041","2262","106"
"SECO 50 MM","5041","5722","172"
"SECO 100 MM","5041","0328","96"
"SECO 50 MM","5041","2458","261"
"SECO 50 MM","5041","9197","66"
"SECO 5 MM","5041","8196","41"
"SECO 5 MM","5041","5093","288"
"SECO 5 MM","5041","6221","251"
"SECO 50 MM","5041","5535","250"
"SECO 50 MM","5041","6164","371"
"SECO 5 MM","5041","3607","42"
"SECO 50 MM","5041","1350","253"
"SECO 5 MM","5041","0845","117"
"SECO 50 MM","5041","0939","19"
"SECO 5 MM","5041","4354","292"
"SECO 5 MM","5041","1819","231"
"SECO 50 MM","5041","3863","311"
"SECO 20 MM","5041","8880","373"
"SECO 5 MM","5041","4593","299"
"SECO 5 MM","5041","7988","341"
"SECO 50 MM","5041","1214","96"
"SECO 5 MM","5041","6823","198"
"SECO 20 MM","5041","4423","83"
"SECO 20 MM","5041","6657","339"
"SECO 20 MM","5041","5317","233"
"SECO 10 MM","5041","8511","354"
"SECO 20 MM","5041","6297","108"
"SECO 20 MM","5041","8226","187"
"SECO 5 MM","5041","7278","322"
"SECO 10 MM","5041","5961","222"
"SECO 10 MM","5041","5001","237"
"SECO 10 MM","5041","3511","251"
"SECO 20 MM","5041","2391","82"
"SECO 20 MM","5041","3294","152"
"SECO 20 MM","5041","2145","38"
"SECO 20 MM","5041","9739","276"
"SECO 10 MM","5041","4465","290"
"SECO 10 MM","5041","9434","91"
"SECO 10 MM","5041","5580","108"
"SECO 20 MM","5041","7913","87"
"SECO 20 MM","5041","5050","362"
"SECO 10 MM","5041","4419","14"
"SECO 10 MM","5041","6504","302"
"SECO 10 MM","5041","4619","219"
"SECO 20 MM","5041","3506","263"
"SECO 20 MM","5041","7050","295"
"SECO 10 MM","5041","3505","212"
"SECO 10 MM","5041","9775","340"
"SECO 10 MM","5041","9922","51"
"SECO 10 MM","5041","5820","286"
"SECO 20 MM","5041","5134","2"
"PREMIO MAYOR","5041","7199","66"
"SECO 10 MM","5041","7702","83"
"SECO 10 MM","5041","5987","182"
"SECO 10 MM","5041","6789","113"
"SECO 500 MM","5041","2018","307"
"SECO 5 MM","5041","0666","41"
"SECO 5 MM","5041","5678","15"
"SECO 5 MM","5041","3658","151"
"SECO 5 MM","5041","7238","147"
"SECO 5 MM","5041","3002","43"
"SECO 5 MM","5041","3344","18"
"SECO 5 MM","5041","1040","268"
